{"name":"itl-intermediate","description":"","definition":{"models":[{"id":672,"name":"int-ilt-onboarding","version":15,"modelType":0,"description":"This is the completed ONBOARDING process for the aps intermediate class.","stencilSetId":0,"createdByFullName":"Demo User","createdBy":2,"lastUpdatedByFullName":"Demo User","lastUpdatedBy":2,"lastUpdated":"2025-11-01T22:21:04.481+0000"},{"id":669,"name":"u6 New Claim","version":8,"modelType":0,"description":"create a new claim","stencilSetId":0,"createdByFullName":"Demo User","createdBy":2,"lastUpdatedByFullName":"Demo User","lastUpdatedBy":2,"lastUpdated":"2025-10-31T14:57:20.345+0000"}],"theme":"theme-1","icon":"fa-asterisk","publishIdentityInfo":[]}}