<?xml version='1.0' encoding='UTF-8'?>
<bpmn2:definitions xmlns="http://www.omg.org/spec/BPMN/20100524/MODEL" xmlns:bpmn2="http://www.omg.org/spec/BPMN/20100524/MODEL" xmlns:xsi="http://www.w3.org/2001/XMLSchema-instance" xmlns:xsd="http://www.w3.org/2001/XMLSchema" xmlns:activiti="http://activiti.org/bpmn" xmlns:bpmndi="http://www.omg.org/spec/BPMN/20100524/DI" xmlns:omgdc="http://www.omg.org/spec/DD/20100524/DC" xmlns:omgdi="http://www.omg.org/spec/DD/20100524/DI" typeLanguage="http://www.w3.org/2001/XMLSchema" expressionLanguage="http://www.w3.org/1999/XPath" targetNamespace="http://www.activiti.org/processdef" xmlns:modeler="http://activiti.com/modeler" modeler:version="1.0en" modeler:exportDateTime="20251201153328057" modeler:modelId="672" modeler:modelVersion="15" modeler:modelLastUpdated="1762035664481" modeler:originalModelId="51" modeler:originalModelVersion="69">
  <bpmn2:process id="int-ilt-onboarding" name="int-ilt-onboarding" isExecutable="true">
    <bpmn2:documentation>This is the completed ONBOARDING process for the aps intermediate class.</bpmn2:documentation>
    <extensionElements>
      <modeler:deleteallvariables xmlns:modeler="http://activiti.com/modeler" modeler:deleteallvariables=""/>
      <modeler:executionvariables xmlns:modeler="http://activiti.com/modeler" modeler:variableName="acsnodeid" modeler:variableType="string" modeler:persist="true"/>
      <modeler:executionvariables xmlns:modeler="http://activiti.com/modeler" modeler:variableName="displayDate" modeler:variableType="string" modeler:persist="true"/>
      <modeler:executionvariables xmlns:modeler="http://activiti.com/modeler" modeler:variableName="address" modeler:variableType="string" modeler:persist="true"/>
      <modeler:executionvariables xmlns:modeler="http://activiti.com/modeler" modeler:variableName="city" modeler:variableType="string" modeler:persist="true"/>
      <modeler:executionvariables xmlns:modeler="http://activiti.com/modeler" modeler:variableName="description" modeler:variableType="string" modeler:persist="true"/>
      <modeler:executionvariables xmlns:modeler="http://activiti.com/modeler" modeler:variableName="dob" modeler:variableType="string" modeler:persist="true"/>
      <modeler:executionvariables xmlns:modeler="http://activiti.com/modeler" modeler:variableName="expirationDate" modeler:variableType="string" modeler:persist="true"/>
      <modeler:executionvariables xmlns:modeler="http://activiti.com/modeler" modeler:variableName="isMissingData" modeler:variableType="boolean" modeler:persist="true"/>
      <modeler:executionvariables xmlns:modeler="http://activiti.com/modeler" modeler:variableName="issueDate" modeler:variableType="string" modeler:persist="true"/>
      <modeler:executionvariables xmlns:modeler="http://activiti.com/modeler" modeler:variableName="name" modeler:variableType="string" modeler:persist="true"/>
      <modeler:executionvariables xmlns:modeler="http://activiti.com/modeler" modeler:variableName="phoneNumber" modeler:variableType="string" modeler:persist="true"/>
      <modeler:executionvariables xmlns:modeler="http://activiti.com/modeler" modeler:variableName="state" modeler:variableType="string" modeler:persist="true"/>
      <modeler:executionvariables xmlns:modeler="http://activiti.com/modeler" modeler:variableName="email" modeler:variableType="string" modeler:persist="null"/>
      <modeler:executionvariables xmlns:modeler="http://activiti.com/modeler" modeler:variableName="company" modeler:variableType="string" modeler:persist="null"/>
      <modeler:executionvariables xmlns:modeler="http://activiti.com/modeler" modeler:variableName="recordList" modeler:variableType="string" modeler:persist="null"/>
      <modeler:executionvariables xmlns:modeler="http://activiti.com/modeler" modeler:variableName="userData" modeler:variableType="string" modeler:persist="null"/>
      <modeler:executionvariables xmlns:modeler="http://activiti.com/modeler" modeler:variableName="customerId" modeler:variableType="string" modeler:persist="null"/>
      <modeler:executionvariables xmlns:modeler="http://activiti.com/modeler" modeler:variableName="firstName" modeler:variableType="string" modeler:persist="null"/>
      <modeler:executionvariables xmlns:modeler="http://activiti.com/modeler" modeler:variableName="lastName" modeler:variableType="string" modeler:persist="null"/>
      <modeler:executionvariables xmlns:modeler="http://activiti.com/modeler" modeler:variableName="zipCode" modeler:variableType="string" modeler:persist="null"/>
      <modeler:executionvariables xmlns:modeler="http://activiti.com/modeler" modeler:variableName="policyNumber" modeler:variableType="string" modeler:persist="null"/>
      <modeler:executionvariables xmlns:modeler="http://activiti.com/modeler" modeler:variableName="stateVerify" modeler:variableType="boolean" modeler:persist="null"/>
      <modeler:executionvariables xmlns:modeler="http://activiti.com/modeler" modeler:variableName="homeValue" modeler:variableType="integer" modeler:persist="null"/>
    </extensionElements>
    <bpmn2:startEvent id="startEvent1">
      <extensionElements>
        <modeler:editor-resource-id><![CDATA[startEvent1]]></modeler:editor-resource-id>
      </extensionElements>
      <bpmn2:outgoing>sid-DD9EB333-5446-455F-BE78-5921FBCB932A</bpmn2:outgoing>
    </bpmn2:startEvent>
    <bpmn2:scriptTask id="sid-989CA215-486B-466E-83B0-E75705E3FA65" name="Add User to APS" scriptFormat="groovy" activiti:autoStoreVariables="false">
      <extensionElements>
        <modeler:editor-resource-id><![CDATA[sid-989CA215-486B-466E-83B0-E75705E3FA65]]></modeler:editor-resource-id>
      </extensionElements>
      <bpmn2:incoming>sid-04E0726E-6775-4001-9EBF-253A75CA5F52</bpmn2:incoming>
      <bpmn2:outgoing>sid-4094F777-0D01-44DC-BDC4-18E1255921AA</bpmn2:outgoing>
      <script><![CDATA[   import com.activiti.service.idm.UserServiceImpl;
   import com.activiti.security.SecurityUtils;
   import com.activiti.domain.idm.UserStatus;
   import com.activiti.domain.idm.AccountType;
   import com.activiti.domain.idm.User;
   import com.activiti.repository.idm.UserRepository;
   
   
   User currentUser = SecurityUtils.getCurrentUserObject();
   
   
   String firstName = execution.getVariable("firstName");
   String lastName = execution.getVariable("lastName");
   String email = execution.getVariable("email");
   String password = "demo";
   String company = "na";
   String externalId = firstName + "" + lastName;
   externalId = externalId.toLowerCase();
   
   UserStatus initialStatus = UserStatus.ACTIVE;
   AccountType accountType = AccountType.ENTERPRISE;
   Long tenantId = currentUser.getTenantId();
   
   // createNewUser(java.lang.String, java.lang.String, java.lang.String, java.lang.String, java.lang.String, com.activiti.domain.idm.UserStatus, com.activiti.domain.idm.AccountType, java.lang.Long)
   
   print("Create new user with values: "+firstName+" / "+lastName+" / "+tenantId);
   
   User newUser = userService.createNewUser(
           email,
           firstName,
           lastName,
           password,
           company,
           initialStatus,
           accountType,
           tenantId
           //externalId
       );
   
   userRepository.save(newUser);
   
   Long nuid = newUser.getId();
   
   println("newUser.getId() >>> "+nuid);
   execution.setVariable('customerId', nuid);
   execution.setVariable('policyNumber', "9SI-"+nuid);
   ]]></script>
    </bpmn2:scriptTask>
    <bpmn2:intermediateCatchEvent id="sid-DEA13F47-36D7-4D3A-9CA8-11718AFCE7B6" name="5 sec delay">
      <extensionElements>
        <modeler:editor-resource-id><![CDATA[sid-DEA13F47-36D7-4D3A-9CA8-11718AFCE7B6]]></modeler:editor-resource-id>
      </extensionElements>
      <bpmn2:incoming>sid-82831ABB-CAC0-41F0-9FF5-C7235480757D</bpmn2:incoming>
      <bpmn2:outgoing>sid-175A3B44-FCB0-4784-8BF4-F0B5E088029D</bpmn2:outgoing>
      <timerEventDefinition>
        <timeDuration>PT5S</timeDuration>
      </timerEventDefinition>
    </bpmn2:intermediateCatchEvent>
    <bpmn2:userTask id="sid-FF7DE5F6-129F-4BA0-A06D-5B005FE47903" name="Verify User Data" activiti:assignee="$INITIATOR" activiti:formKey="74">
      <extensionElements>
        <modeler:allow-send-email><![CDATA[true]]></modeler:allow-send-email>
        <modeler:form-reference-id><![CDATA[74]]></modeler:form-reference-id>
        <modeler:form-reference-name><![CDATA[Verify User data]]></modeler:form-reference-name>
        <modeler:activiti-idm-initiator><![CDATA[true]]></modeler:activiti-idm-initiator>
        <modeler:initiator-can-complete><![CDATA[false]]></modeler:initiator-can-complete>
        <modeler:deactivate-user-task-reassignment><![CDATA[false]]></modeler:deactivate-user-task-reassignment>
        <modeler:editor-resource-id><![CDATA[sid-FF7DE5F6-129F-4BA0-A06D-5B005FE47903]]></modeler:editor-resource-id>
      </extensionElements>
      <bpmn2:incoming>sid-2F64F7F2-4AAA-43C1-AB02-9A918384D968</bpmn2:incoming>
      <bpmn2:outgoing>sid-D5F6FEAB-18A3-4E58-B274-9E797C762339</bpmn2:outgoing>
    </bpmn2:userTask>
    <bpmn2:serviceTask id="sid-089A29A6-3442-4EA9-B789-AB3D71624AC9" name="Get All Users" activiti:async="true" activiti:delegateExpression="${activiti_restCallDelegate}">
      <extensionElements>
        <activiti:field name="baseEndpoint">
          <activiti:string><![CDATA[1]]></activiti:string>
        </activiti:field>
        <activiti:field name="baseEndpointName">
          <activiti:string><![CDATA[aps]]></activiti:string>
        </activiti:field>
        <activiti:field name="restUrl">
          <activiti:string><![CDATA[/api/enterprise/users]]></activiti:string>
        </activiti:field>
        <activiti:field name="httpMethod">
          <activiti:string><![CDATA[GET]]></activiti:string>
        </activiti:field>
        <modeler:response-mapping modeler:processVariableName="userData" modeler:processVariableType="string" modeler:jsonPropertyName="data"/>
        <modeler:editor-resource-id><![CDATA[sid-089A29A6-3442-4EA9-B789-AB3D71624AC9]]></modeler:editor-resource-id>
      </extensionElements>
      <bpmn2:incoming>sid-175A3B44-FCB0-4784-8BF4-F0B5E088029D</bpmn2:incoming>
      <bpmn2:outgoing>sid-D3CB5B40-A56E-45C9-B991-76F2D9CAF6C4</bpmn2:outgoing>
    </bpmn2:serviceTask>
    <bpmn2:sequenceFlow id="sid-175A3B44-FCB0-4784-8BF4-F0B5E088029D" sourceRef="sid-DEA13F47-36D7-4D3A-9CA8-11718AFCE7B6" targetRef="sid-089A29A6-3442-4EA9-B789-AB3D71624AC9">
      <extensionElements>
        <modeler:editor-resource-id><![CDATA[sid-175A3B44-FCB0-4784-8BF4-F0B5E088029D]]></modeler:editor-resource-id>
      </extensionElements>
    </bpmn2:sequenceFlow>
    <bpmn2:serviceTask id="sid-EF4C5ACA-5720-4406-A89B-79A2764236C3" name="Save Cust data to DB" activiti:delegateExpression="${activiti_storeEntityDelegate}">
      <extensionElements>
        <activiti:field name="publishAsType">
          <activiti:string><![CDATA[process_initiator]]></activiti:string>
        </activiti:field>
        <modeler:entity-attribute-mapping modeler:mappedDataModel="101" modeler:mappedEntity="newCustomers" modeler:newVariableName="newCustomerdata">
          <modeler:attribute-element-mapping modeler:attribute-name="id" modeler:variable-id="customerId" modeler:variable-name="customerId" modeler:variable-type="string"/>
          <modeler:attribute-element-mapping modeler:attribute-name="firstname" modeler:variable-id="firstName" modeler:variable-name="firstName" modeler:variable-type="string"/>
          <modeler:attribute-element-mapping modeler:attribute-name="lastname" modeler:variable-id="lastName" modeler:variable-name="lastName" modeler:variable-type="string"/>
          <modeler:attribute-element-mapping modeler:attribute-name="address" modeler:variable-id="address" modeler:variable-name="address" modeler:variable-type="string"/>
          <modeler:attribute-element-mapping modeler:attribute-name="city" modeler:variable-id="city" modeler:variable-name="city" modeler:variable-type="string"/>
          <modeler:attribute-element-mapping modeler:attribute-name="state" modeler:variable-id="state" modeler:variable-name="state" modeler:variable-type="string"/>
          <modeler:attribute-element-mapping modeler:attribute-name="zip" modeler:variable-id="zipCode" modeler:variable-name="zipCode" modeler:variable-type="string"/>
          <modeler:attribute-element-mapping modeler:attribute-name="email" modeler:variable-id="email" modeler:variable-name="email" modeler:variable-type="string"/>
          <modeler:attribute-element-mapping modeler:attribute-name="phone" modeler:variable-id="phoneNumber" modeler:variable-name="phoneNumber" modeler:variable-type="string"/>
          <modeler:attribute-element-mapping modeler:attribute-name="policynum" modeler:variable-id="policyNumber" modeler:variable-name="policyNumber" modeler:variable-type="string"/>
        </modeler:entity-attribute-mapping>
        <modeler:editor-resource-id><![CDATA[sid-EF4C5ACA-5720-4406-A89B-79A2764236C3]]></modeler:editor-resource-id>
      </extensionElements>
      <bpmn2:incoming>sid-4094F777-0D01-44DC-BDC4-18E1255921AA</bpmn2:incoming>
      <bpmn2:outgoing>sid-82831ABB-CAC0-41F0-9FF5-C7235480757D</bpmn2:outgoing>
    </bpmn2:serviceTask>
    <bpmn2:scriptTask id="sid-82773B41-4FAE-4CDB-96EB-6D1FFF7EB07D" name="Get User from DB" scriptFormat="groovy" activiti:autoStoreVariables="false">
      <extensionElements>
        <modeler:editor-resource-id><![CDATA[sid-82773B41-4FAE-4CDB-96EB-6D1FFF7EB07D]]></modeler:editor-resource-id>
      </extensionElements>
      <bpmn2:incoming>sid-D3CB5B40-A56E-45C9-B991-76F2D9CAF6C4</bpmn2:incoming>
      <bpmn2:outgoing>sid-2F64F7F2-4AAA-43C1-AB02-9A918384D968</bpmn2:outgoing>
      <script><![CDATA[   import groovy.sql.Sql;
   import groovy.json.*
   import groovy.json.JsonBuilder
   
   class Record {
       String recId
       String firstname
       String lastname
       String address
       String city
       String state
       String zip
       String email
       String phone
       String policy
   }
   
   def url = 'jdbc:oracle:thin:@//aps-custom-oracle-db.cp58lgpzkwpy.us-east-1.rds.amazonaws.com/ORCL'
   def user = 'admin'
   def password = 'apsadmin'
   def driver = 'oracle.jdbc.driver.OracleDriver'
   def sql = Sql.newInstance(url, user, password, driver)
   
   rowNum = 0;
   def recordList = [];
   
   out.println('Query Customer: '+execution.getVariable("customerId"));
   
   //sql.eachRow("SELECT ID,FIRSTNAME,LASTNAME,STREETADDRESS,CITY,STATE,ZIPCODE,EMAIL,PHONE,POLICY FROM NINESI WHERE ID = ${customerId}") { row ->
   sql.eachRow("SELECT * FROM NINESI WHERE ID = ${customerId}") { row ->
      
     def r = new Record( recId:row.id, firstname:row.firstname, lastname:row.lastname, address:row.streetaddress, city:row.city, state:row.state, zip:row.zipcode, email:row.email, phone:row.phone, policy:row.policy)
       recordList.add(r);
     
   }
   
 println new JsonBuilder( recordList ).toPrettyString()
 out.println('Customer Details: '+recordList);
 execution.setVariable("recordList", new JsonBuilder( recordList ).toPrettyString())
 ]]></script>
    </bpmn2:scriptTask>
    <bpmn2:sequenceFlow id="sid-D3CB5B40-A56E-45C9-B991-76F2D9CAF6C4" sourceRef="sid-089A29A6-3442-4EA9-B789-AB3D71624AC9" targetRef="sid-82773B41-4FAE-4CDB-96EB-6D1FFF7EB07D">
      <extensionElements>
        <modeler:editor-resource-id><![CDATA[sid-D3CB5B40-A56E-45C9-B991-76F2D9CAF6C4]]></modeler:editor-resource-id>
      </extensionElements>
    </bpmn2:sequenceFlow>
    <bpmn2:sequenceFlow id="sid-2F64F7F2-4AAA-43C1-AB02-9A918384D968" sourceRef="sid-82773B41-4FAE-4CDB-96EB-6D1FFF7EB07D" targetRef="sid-FF7DE5F6-129F-4BA0-A06D-5B005FE47903">
      <extensionElements>
        <modeler:editor-resource-id><![CDATA[sid-2F64F7F2-4AAA-43C1-AB02-9A918384D968]]></modeler:editor-resource-id>
      </extensionElements>
    </bpmn2:sequenceFlow>
    <bpmn2:sequenceFlow id="sid-D5F6FEAB-18A3-4E58-B274-9E797C762339" sourceRef="sid-FF7DE5F6-129F-4BA0-A06D-5B005FE47903" targetRef="sid-7AA5E7F3-A774-4C5A-869B-D52B589B46EC">
      <extensionElements>
        <modeler:editor-resource-id><![CDATA[sid-D5F6FEAB-18A3-4E58-B274-9E797C762339]]></modeler:editor-resource-id>
      </extensionElements>
    </bpmn2:sequenceFlow>
    <bpmn2:serviceTask id="sid-7AA5E7F3-A774-4C5A-869B-D52B589B46EC" name="KYC Delegate" activiti:class="com.activiti.extension.bean.KYCJavaDelegate">
      <extensionElements>
        <modeler:editor-resource-id><![CDATA[sid-7AA5E7F3-A774-4C5A-869B-D52B589B46EC]]></modeler:editor-resource-id>
      </extensionElements>
      <bpmn2:incoming>sid-D5F6FEAB-18A3-4E58-B274-9E797C762339</bpmn2:incoming>
      <bpmn2:outgoing>sid-5C07839A-555E-4369-A093-DE6C9BD450D0</bpmn2:outgoing>
    </bpmn2:serviceTask>
    <bpmn2:exclusiveGateway id="sid-A0533077-9536-47AA-A069-2CC469BDEBD3" default="sid-B2953513-4F47-4D23-A6BD-01AF2D7BA473">
      <extensionElements>
        <modeler:editor-resource-id><![CDATA[sid-A0533077-9536-47AA-A069-2CC469BDEBD3]]></modeler:editor-resource-id>
      </extensionElements>
      <bpmn2:incoming>sid-339898B9-9DD3-4801-A522-79F5D5340729</bpmn2:incoming>
      <bpmn2:outgoing>sid-D29E939F-43AB-411A-92F6-47EEE6BD19CC</bpmn2:outgoing>
      <bpmn2:outgoing>sid-B2953513-4F47-4D23-A6BD-01AF2D7BA473</bpmn2:outgoing>
    </bpmn2:exclusiveGateway>
    <bpmn2:sequenceFlow id="sid-5C07839A-555E-4369-A093-DE6C9BD450D0" sourceRef="sid-7AA5E7F3-A774-4C5A-869B-D52B589B46EC" targetRef="sid-8BFD274D-B9EA-4430-8127-FF65C16106AC">
      <extensionElements>
        <modeler:editor-resource-id><![CDATA[sid-5C07839A-555E-4369-A093-DE6C9BD450D0]]></modeler:editor-resource-id>
      </extensionElements>
    </bpmn2:sequenceFlow>
    <bpmn2:serviceTask id="sid-8BFD274D-B9EA-4430-8127-FF65C16106AC" name="Generate PDF" activiti:async="true" activiti:delegateExpression="${activiti_generateDocumentDelegate}">
      <extensionElements>
        <activiti:field name="outputFormat">
          <activiti:string><![CDATA[pdf]]></activiti:string>
        </activiti:field>
        <activiti:field name="templateId">
          <activiti:string><![CDATA[101]]></activiti:string>
        </activiti:field>
        <activiti:field name="templateName">
          <activiti:string><![CDATA[9si_onboarding.docx]]></activiti:string>
        </activiti:field>
        <activiti:field name="fileName">
          <activiti:expression><![CDATA[customer-${lastName}-${policyNumber}]]></activiti:expression>
        </activiti:field>
        <activiti:field name="variableName">
          <activiti:string><![CDATA[custDoc]]></activiti:string>
        </activiti:field>
        <modeler:executionvariables modeler:variableName="custDoc" modeler:variableType="document"/>
        <modeler:editor-resource-id><![CDATA[sid-8BFD274D-B9EA-4430-8127-FF65C16106AC]]></modeler:editor-resource-id>
      </extensionElements>
      <bpmn2:incoming>sid-5C07839A-555E-4369-A093-DE6C9BD450D0</bpmn2:incoming>
      <bpmn2:outgoing>sid-339898B9-9DD3-4801-A522-79F5D5340729</bpmn2:outgoing>
    </bpmn2:serviceTask>
    <bpmn2:serviceTask id="sid-62A6176C-D14D-44BF-88DB-846D8E426FAD" name="Save to OH" activiti:async="true" activiti:class="com.activiti.runtime.activiti.bean.AlfrescoPublishActivityBehavior">
      <extensionElements>
        <activiti:field name="contentSource">
          <activiti:string><![CDATA[field]]></activiti:string>
        </activiti:field>
        <activiti:field name="documentType">
          <activiti:string><![CDATA[cmis:document]]></activiti:string>
        </activiti:field>
        <activiti:field name="documentAspects">
          <activiti:string><![CDATA[[{"aspectName":"cm:titled"}]]]></activiti:string>
        </activiti:field>
        <activiti:field name="account">
          <activiti:string><![CDATA[alfresco-1-Alfresco-1]]></activiti:string>
        </activiti:field>
        <activiti:field name="site">
          <activiti:string><![CDATA[9-second-insurance]]></activiti:string>
        </activiti:field>
        <activiti:field name="publishAsType">
          <activiti:string><![CDATA[process_initiator]]></activiti:string>
        </activiti:field>
        <activiti:field name="path">
          <activiti:string><![CDATA[a06b5061-dec7-439c-ab50-61dec7139cc0]]></activiti:string>
        </activiti:field>
        <activiti:field name="contentContainer">
          <activiti:string><![CDATA[custDoc]]></activiti:string>
        </activiti:field>
        <modeler:publish-task-type><![CDATA[alfresco]]></modeler:publish-task-type>
        <modeler:site_title><![CDATA[9 Second Insurance]]></modeler:site_title>
        <modeler:path_title><![CDATA[documentLibrary > Customer Onboarding > Customer Policies > Ohio Based Policies]]></modeler:path_title>
        <modeler:editor-resource-id><![CDATA[sid-62A6176C-D14D-44BF-88DB-846D8E426FAD]]></modeler:editor-resource-id>
      </extensionElements>
      <bpmn2:incoming>sid-B2953513-4F47-4D23-A6BD-01AF2D7BA473</bpmn2:incoming>
      <bpmn2:outgoing>sid-3E9FEF91-A303-4796-921D-7C16E31C5E08</bpmn2:outgoing>
    </bpmn2:serviceTask>
    <bpmn2:endEvent id="sid-3E342684-1C3A-4B79-9976-0DCB1D857514">
      <extensionElements>
        <modeler:editor-resource-id><![CDATA[sid-3E342684-1C3A-4B79-9976-0DCB1D857514]]></modeler:editor-resource-id>
      </extensionElements>
      <bpmn2:incoming>sid-3E9FEF91-A303-4796-921D-7C16E31C5E08</bpmn2:incoming>
      <bpmn2:incoming>sid-7E196F00-BE35-428F-9690-1C50B2CE4F74</bpmn2:incoming>
    </bpmn2:endEvent>
    <bpmn2:sequenceFlow id="sid-3E9FEF91-A303-4796-921D-7C16E31C5E08" sourceRef="sid-62A6176C-D14D-44BF-88DB-846D8E426FAD" targetRef="sid-3E342684-1C3A-4B79-9976-0DCB1D857514">
      <extensionElements>
        <modeler:editor-resource-id><![CDATA[sid-3E9FEF91-A303-4796-921D-7C16E31C5E08]]></modeler:editor-resource-id>
      </extensionElements>
    </bpmn2:sequenceFlow>
    <bpmn2:serviceTask id="sid-4236665C-7AE2-4B1E-9D41-A1645A9FBD60" name="Save to Non-OH" activiti:async="true" activiti:class="com.activiti.runtime.activiti.bean.AlfrescoPublishActivityBehavior">
      <extensionElements>
        <activiti:field name="contentSource">
          <activiti:string><![CDATA[field]]></activiti:string>
        </activiti:field>
        <activiti:field name="documentType">
          <activiti:string><![CDATA[cmis:document]]></activiti:string>
        </activiti:field>
        <activiti:field name="documentAspects">
          <activiti:string><![CDATA[[{"aspectName":"cm:titled"}]]]></activiti:string>
        </activiti:field>
        <activiti:field name="account">
          <activiti:string><![CDATA[alfresco-1-Alfresco-1]]></activiti:string>
        </activiti:field>
        <activiti:field name="site">
          <activiti:string><![CDATA[9-second-insurance]]></activiti:string>
        </activiti:field>
        <activiti:field name="publishAsType">
          <activiti:string><![CDATA[process_initiator]]></activiti:string>
        </activiti:field>
        <activiti:field name="path">
          <activiti:string><![CDATA[3a189eed-b252-424d-989e-edb252424d4d]]></activiti:string>
        </activiti:field>
        <activiti:field name="contentContainer">
          <activiti:string><![CDATA[custDoc]]></activiti:string>
        </activiti:field>
        <modeler:publish-task-type><![CDATA[alfresco]]></modeler:publish-task-type>
        <modeler:site_title><![CDATA[9 Second Insurance]]></modeler:site_title>
        <modeler:path_title><![CDATA[documentLibrary > Customer Onboarding > Customer Policies > Non-Ohio Based Policies]]></modeler:path_title>
        <modeler:editor-resource-id><![CDATA[sid-4236665C-7AE2-4B1E-9D41-A1645A9FBD60]]></modeler:editor-resource-id>
      </extensionElements>
      <bpmn2:incoming>sid-D29E939F-43AB-411A-92F6-47EEE6BD19CC</bpmn2:incoming>
      <bpmn2:outgoing>sid-7E196F00-BE35-428F-9690-1C50B2CE4F74</bpmn2:outgoing>
    </bpmn2:serviceTask>
    <bpmn2:sequenceFlow id="sid-7E196F00-BE35-428F-9690-1C50B2CE4F74" sourceRef="sid-4236665C-7AE2-4B1E-9D41-A1645A9FBD60" targetRef="sid-3E342684-1C3A-4B79-9976-0DCB1D857514">
      <extensionElements>
        <modeler:editor-resource-id><![CDATA[sid-7E196F00-BE35-428F-9690-1C50B2CE4F74]]></modeler:editor-resource-id>
      </extensionElements>
    </bpmn2:sequenceFlow>
    <bpmn2:sequenceFlow id="sid-339898B9-9DD3-4801-A522-79F5D5340729" sourceRef="sid-8BFD274D-B9EA-4430-8127-FF65C16106AC" targetRef="sid-A0533077-9536-47AA-A069-2CC469BDEBD3">
      <extensionElements>
        <modeler:editor-resource-id><![CDATA[sid-339898B9-9DD3-4801-A522-79F5D5340729]]></modeler:editor-resource-id>
      </extensionElements>
    </bpmn2:sequenceFlow>
    <bpmn2:userTask id="sid-61B7F781-3053-4108-8621-DE417AA59416" name="Gather Customer Data" activiti:assignee="$INITIATOR" activiti:formKey="673">
      <extensionElements>
        <modeler:allow-send-email><![CDATA[true]]></modeler:allow-send-email>
        <modeler:form-reference-id><![CDATA[673]]></modeler:form-reference-id>
        <modeler:form-reference-name><![CDATA[Gather Customer Data]]></modeler:form-reference-name>
        <modeler:activiti-idm-initiator><![CDATA[true]]></modeler:activiti-idm-initiator>
        <modeler:editor-resource-id><![CDATA[sid-61B7F781-3053-4108-8621-DE417AA59416]]></modeler:editor-resource-id>
      </extensionElements>
      <bpmn2:incoming>sid-DD9EB333-5446-455F-BE78-5921FBCB932A</bpmn2:incoming>
      <bpmn2:outgoing>sid-04E0726E-6775-4001-9EBF-253A75CA5F52</bpmn2:outgoing>
    </bpmn2:userTask>
    <bpmn2:sequenceFlow id="sid-DD9EB333-5446-455F-BE78-5921FBCB932A" sourceRef="startEvent1" targetRef="sid-61B7F781-3053-4108-8621-DE417AA59416">
      <extensionElements>
        <modeler:editor-resource-id><![CDATA[sid-DD9EB333-5446-455F-BE78-5921FBCB932A]]></modeler:editor-resource-id>
      </extensionElements>
    </bpmn2:sequenceFlow>
    <bpmn2:sequenceFlow id="sid-04E0726E-6775-4001-9EBF-253A75CA5F52" sourceRef="sid-61B7F781-3053-4108-8621-DE417AA59416" targetRef="sid-989CA215-486B-466E-83B0-E75705E3FA65">
      <extensionElements>
        <modeler:editor-resource-id><![CDATA[sid-04E0726E-6775-4001-9EBF-253A75CA5F52]]></modeler:editor-resource-id>
      </extensionElements>
    </bpmn2:sequenceFlow>
    <bpmn2:sequenceFlow id="sid-4094F777-0D01-44DC-BDC4-18E1255921AA" sourceRef="sid-989CA215-486B-466E-83B0-E75705E3FA65" targetRef="sid-EF4C5ACA-5720-4406-A89B-79A2764236C3">
      <extensionElements>
        <modeler:editor-resource-id><![CDATA[sid-4094F777-0D01-44DC-BDC4-18E1255921AA]]></modeler:editor-resource-id>
      </extensionElements>
    </bpmn2:sequenceFlow>
    <bpmn2:sequenceFlow id="sid-82831ABB-CAC0-41F0-9FF5-C7235480757D" sourceRef="sid-EF4C5ACA-5720-4406-A89B-79A2764236C3" targetRef="sid-DEA13F47-36D7-4D3A-9CA8-11718AFCE7B6">
      <extensionElements>
        <modeler:editor-resource-id><![CDATA[sid-82831ABB-CAC0-41F0-9FF5-C7235480757D]]></modeler:editor-resource-id>
      </extensionElements>
    </bpmn2:sequenceFlow>
    <bpmn2:sequenceFlow id="sid-B2953513-4F47-4D23-A6BD-01AF2D7BA473" sourceRef="sid-A0533077-9536-47AA-A069-2CC469BDEBD3" targetRef="sid-62A6176C-D14D-44BF-88DB-846D8E426FAD">
      <extensionElements>
        <modeler:editor-resource-id><![CDATA[sid-B2953513-4F47-4D23-A6BD-01AF2D7BA473]]></modeler:editor-resource-id>
      </extensionElements>
    </bpmn2:sequenceFlow>
    <bpmn2:sequenceFlow id="sid-D29E939F-43AB-411A-92F6-47EEE6BD19CC" sourceRef="sid-A0533077-9536-47AA-A069-2CC469BDEBD3" targetRef="sid-4236665C-7AE2-4B1E-9D41-A1645A9FBD60">
      <extensionElements>
        <modeler:conditionDefinition modeler:index="0" modeler:leftRestResponseId="stateVerify" modeler:leftRestResponseType="boolean" modeler:rightValue="false" modeler:operator="=="/>
        <modeler:editor-resource-id><![CDATA[sid-D29E939F-43AB-411A-92F6-47EEE6BD19CC]]></modeler:editor-resource-id>
      </extensionElements>
      <conditionExpression xsi:type="tFormalExpression"><![CDATA[${(activiti_flowConditionsBean.exists(execution, 'stateVerify') && stateVerify == false)}]]></conditionExpression>
    </bpmn2:sequenceFlow>
  </bpmn2:process>
  <bpmndi:BPMNDiagram id="BPMNDiagram_int-ilt-onboarding">
    <bpmndi:BPMNPlane bpmnElement="int-ilt-onboarding" id="BPMNPlane_int-ilt-onboarding">
      <bpmndi:BPMNShape bpmnElement="startEvent1" id="BPMNShape_startEvent1">
        <omgdc:Bounds height="30.0" width="30.0" x="165.00000000000023" y="130.0"/>
      </bpmndi:BPMNShape>
      <bpmndi:BPMNShape bpmnElement="sid-989CA215-486B-466E-83B0-E75705E3FA65" id="BPMNShape_sid-989CA215-486B-466E-83B0-E75705E3FA65">
        <omgdc:Bounds height="80.0" width="100.0" x="420.00000000000045" y="105.0"/>
      </bpmndi:BPMNShape>
      <bpmndi:BPMNShape bpmnElement="sid-DEA13F47-36D7-4D3A-9CA8-11718AFCE7B6" id="BPMNShape_sid-DEA13F47-36D7-4D3A-9CA8-11718AFCE7B6">
        <omgdc:Bounds height="31.0" width="31.0" x="735.0000000000005" y="129.5"/>
      </bpmndi:BPMNShape>
      <bpmndi:BPMNShape bpmnElement="sid-FF7DE5F6-129F-4BA0-A06D-5B005FE47903" id="BPMNShape_sid-FF7DE5F6-129F-4BA0-A06D-5B005FE47903">
        <omgdc:Bounds height="80.0" width="100.0" x="975.0000000000005" y="252.0"/>
      </bpmndi:BPMNShape>
      <bpmndi:BPMNShape bpmnElement="sid-089A29A6-3442-4EA9-B789-AB3D71624AC9" id="BPMNShape_sid-089A29A6-3442-4EA9-B789-AB3D71624AC9">
        <omgdc:Bounds height="80.0" width="100.0" x="825.0000000000005" y="105.0"/>
      </bpmndi:BPMNShape>
      <bpmndi:BPMNShape bpmnElement="sid-EF4C5ACA-5720-4406-A89B-79A2764236C3" id="BPMNShape_sid-EF4C5ACA-5720-4406-A89B-79A2764236C3">
        <omgdc:Bounds height="80.0" width="100.0" x="570.0000000000002" y="105.0"/>
      </bpmndi:BPMNShape>
      <bpmndi:BPMNShape bpmnElement="sid-82773B41-4FAE-4CDB-96EB-6D1FFF7EB07D" id="BPMNShape_sid-82773B41-4FAE-4CDB-96EB-6D1FFF7EB07D">
        <omgdc:Bounds height="80.0" width="100.0" x="975.0000000000005" y="105.0"/>
      </bpmndi:BPMNShape>
      <bpmndi:BPMNShape bpmnElement="sid-7AA5E7F3-A774-4C5A-869B-D52B589B46EC" id="BPMNShape_sid-7AA5E7F3-A774-4C5A-869B-D52B589B46EC">
        <omgdc:Bounds height="80.0" width="100.0" x="825.0000000000005" y="252.0"/>
      </bpmndi:BPMNShape>
      <bpmndi:BPMNShape bpmnElement="sid-A0533077-9536-47AA-A069-2CC469BDEBD3" id="BPMNShape_sid-A0533077-9536-47AA-A069-2CC469BDEBD3">
        <omgdc:Bounds height="40.0" width="40.0" x="523.3333101537506" y="272.0"/>
      </bpmndi:BPMNShape>
      <bpmndi:BPMNShape bpmnElement="sid-8BFD274D-B9EA-4430-8127-FF65C16106AC" id="BPMNShape_sid-8BFD274D-B9EA-4430-8127-FF65C16106AC">
        <omgdc:Bounds height="80.0" width="100.0" x="639.9999721845006" y="250.33332207467868"/>
      </bpmndi:BPMNShape>
      <bpmndi:BPMNShape bpmnElement="sid-62A6176C-D14D-44BF-88DB-846D8E426FAD" id="BPMNShape_sid-62A6176C-D14D-44BF-88DB-846D8E426FAD">
        <omgdc:Bounds height="80.167483871" width="100.24219354800005" x="323.3333181010363" y="250.33332207467868"/>
      </bpmndi:BPMNShape>
      <bpmndi:BPMNShape bpmnElement="sid-3E342684-1C3A-4B79-9976-0DCB1D857514" id="BPMNShape_sid-3E342684-1C3A-4B79-9976-0DCB1D857514">
        <omgdc:Bounds height="28.0" width="28.0" x="359.45441487503626" y="416.99998211860725"/>
      </bpmndi:BPMNShape>
      <bpmndi:BPMNShape bpmnElement="sid-4236665C-7AE2-4B1E-9D41-A1645A9FBD60" id="BPMNShape_sid-4236665C-7AE2-4B1E-9D41-A1645A9FBD60">
        <omgdc:Bounds height="80.16748387099994" width="100.24219354800005" x="493.2122133797508" y="390.9162401831073"/>
      </bpmndi:BPMNShape>
      <bpmndi:BPMNShape bpmnElement="sid-61B7F781-3053-4108-8621-DE417AA59416" id="BPMNShape_sid-61B7F781-3053-4108-8621-DE417AA59416">
        <omgdc:Bounds height="80.0" width="100.0" x="270.0000000000002" y="105.0"/>
      </bpmndi:BPMNShape>
      <bpmndi:BPMNEdge bpmnElement="sid-5C07839A-555E-4369-A093-DE6C9BD450D0" id="BPMNEdge_sid-5C07839A-555E-4369-A093-DE6C9BD450D0">
        <omgdi:waypoint x="825.0000000000005" y="291.5495465743974"/>
        <omgdi:waypoint x="739.9999721845006" y="290.78377550028125"/>
      </bpmndi:BPMNEdge>
      <bpmndi:BPMNEdge bpmnElement="sid-D29E939F-43AB-411A-92F6-47EEE6BD19CC" id="BPMNEdge_sid-D29E939F-43AB-411A-92F6-47EEE6BD19CC">
        <omgdi:waypoint x="543.3333101537506" y="312.0"/>
        <omgdi:waypoint x="543.3333101537507" y="390.9162401831073"/>
      </bpmndi:BPMNEdge>
      <bpmndi:BPMNEdge bpmnElement="sid-4094F777-0D01-44DC-BDC4-18E1255921AA" id="BPMNEdge_sid-4094F777-0D01-44DC-BDC4-18E1255921AA">
        <omgdi:waypoint x="520.0000000000005" y="145.0"/>
        <omgdi:waypoint x="570.0000000000002" y="145.0"/>
      </bpmndi:BPMNEdge>
      <bpmndi:BPMNEdge bpmnElement="sid-7E196F00-BE35-428F-9690-1C50B2CE4F74" id="BPMNEdge_sid-7E196F00-BE35-428F-9690-1C50B2CE4F74">
        <omgdi:waypoint x="493.2122133797508" y="430.99998211860725"/>
        <omgdi:waypoint x="387.45441487503626" y="430.99998211860725"/>
      </bpmndi:BPMNEdge>
      <bpmndi:BPMNEdge bpmnElement="sid-D3CB5B40-A56E-45C9-B991-76F2D9CAF6C4" id="BPMNEdge_sid-D3CB5B40-A56E-45C9-B991-76F2D9CAF6C4">
        <omgdi:waypoint x="925.0000000000005" y="145.0"/>
        <omgdi:waypoint x="975.0000000000005" y="145.0"/>
      </bpmndi:BPMNEdge>
      <bpmndi:BPMNEdge bpmnElement="sid-D5F6FEAB-18A3-4E58-B274-9E797C762339" id="BPMNEdge_sid-D5F6FEAB-18A3-4E58-B274-9E797C762339">
        <omgdi:waypoint x="975.0000000000005" y="292.0"/>
        <omgdi:waypoint x="925.0000000000005" y="292.0"/>
      </bpmndi:BPMNEdge>
      <bpmndi:BPMNEdge bpmnElement="sid-175A3B44-FCB0-4784-8BF4-F0B5E088029D" id="BPMNEdge_sid-175A3B44-FCB0-4784-8BF4-F0B5E088029D">
        <omgdi:waypoint x="766.0000000000005" y="145.0"/>
        <omgdi:waypoint x="825.0000000000005" y="145.0"/>
      </bpmndi:BPMNEdge>
      <bpmndi:BPMNEdge bpmnElement="sid-04E0726E-6775-4001-9EBF-253A75CA5F52" id="BPMNEdge_sid-04E0726E-6775-4001-9EBF-253A75CA5F52">
        <omgdi:waypoint x="370.0000000000002" y="145.0"/>
        <omgdi:waypoint x="420.00000000000045" y="145.0"/>
      </bpmndi:BPMNEdge>
      <bpmndi:BPMNEdge bpmnElement="sid-DD9EB333-5446-455F-BE78-5921FBCB932A" id="BPMNEdge_sid-DD9EB333-5446-455F-BE78-5921FBCB932A">
        <omgdi:waypoint x="195.00000000000023" y="145.0"/>
        <omgdi:waypoint x="270.0000000000002" y="145.0"/>
      </bpmndi:BPMNEdge>
      <bpmndi:BPMNEdge bpmnElement="sid-B2953513-4F47-4D23-A6BD-01AF2D7BA473" id="BPMNEdge_sid-B2953513-4F47-4D23-A6BD-01AF2D7BA473">
        <omgdi:waypoint x="523.5179501961566" y="291.81535995759407"/>
        <omgdi:waypoint x="423.57551164903634" y="290.8840937009635"/>
      </bpmndi:BPMNEdge>
      <bpmndi:BPMNEdge bpmnElement="sid-339898B9-9DD3-4801-A522-79F5D5340729" id="BPMNEdge_sid-339898B9-9DD3-4801-A522-79F5D5340729">
        <omgdi:waypoint x="639.9999721845006" y="290.90150774899774"/>
        <omgdi:waypoint x="563.1085895446395" y="291.7752793908888"/>
      </bpmndi:BPMNEdge>
      <bpmndi:BPMNEdge bpmnElement="sid-3E9FEF91-A303-4796-921D-7C16E31C5E08" id="BPMNEdge_sid-3E9FEF91-A303-4796-921D-7C16E31C5E08">
        <omgdi:waypoint x="373.4544148750363" y="330.5008059456787"/>
        <omgdi:waypoint x="373.4544148750364" y="405.0418620270535"/>
      </bpmndi:BPMNEdge>
      <bpmndi:BPMNEdge bpmnElement="sid-82831ABB-CAC0-41F0-9FF5-C7235480757D" id="BPMNEdge_sid-82831ABB-CAC0-41F0-9FF5-C7235480757D">
        <omgdi:waypoint x="670.0000000000002" y="145.0"/>
        <omgdi:waypoint x="735.0000000000005" y="145.0"/>
      </bpmndi:BPMNEdge>
      <bpmndi:BPMNEdge bpmnElement="sid-2F64F7F2-4AAA-43C1-AB02-9A918384D968" id="BPMNEdge_sid-2F64F7F2-4AAA-43C1-AB02-9A918384D968">
        <omgdi:waypoint x="1025.0000000000005" y="185.0"/>
        <omgdi:waypoint x="1025.0000000000005" y="252.0"/>
      </bpmndi:BPMNEdge>
    </bpmndi:BPMNPlane>
  </bpmndi:BPMNDiagram>
</bpmn2:definitions>