{"resourceId":672,"properties":{"process_id":"int-ilt-onboarding","name":"int-ilt-onboarding","documentation":"This is the completed ONBOARDING process for the aps intermediate class.","process_author":"","process_version":"","process_namespace":"http://www.activiti.org/processdef","executionlisteners":"{\"executionListeners\":[]}","eventlisteners":"{\"eventListeners\":[]}","signaldefinitions":"[]","messagedefinitions":"[]","executionvariables":"[{\"variableName\":\"acsnodeid\",\"variableType\":\"string\",\"persist\":\"true\",\"$$hashKey\":\"uiGrid-0063\"},{\"variableName\":\"displayDate\",\"variableType\":\"string\",\"persist\":\"true\",\"$$hashKey\":\"uiGrid-0065\"},{\"variableName\":\"address\",\"variableType\":\"string\",\"persist\":\"true\",\"$$hashKey\":\"uiGrid-0067\"},{\"variableName\":\"city\",\"variableType\":\"string\",\"persist\":\"true\",\"$$hashKey\":\"uiGrid-0069\"},{\"variableName\":\"description\",\"variableType\":\"string\",\"persist\":\"true\",\"$$hashKey\":\"uiGrid-006B\"},{\"variableName\":\"dob\",\"variableType\":\"string\",\"persist\":\"true\",\"$$hashKey\":\"uiGrid-006D\"},{\"variableName\":\"expirationDate\",\"variableType\":\"string\",\"persist\":\"true\",\"$$hashKey\":\"uiGrid-006F\"},{\"variableName\":\"isMissingData\",\"variableType\":\"boolean\",\"persist\":\"true\",\"$$hashKey\":\"uiGrid-006H\"},{\"variableName\":\"issueDate\",\"variableType\":\"string\",\"persist\":\"true\",\"$$hashKey\":\"uiGrid-006J\"},{\"variableName\":\"name\",\"variableType\":\"string\",\"persist\":\"true\",\"$$hashKey\":\"uiGrid-006L\"},{\"variableName\":\"phoneNumber\",\"variableType\":\"string\",\"persist\":\"true\",\"$$hashKey\":\"uiGrid-006N\"},{\"variableName\":\"state\",\"variableType\":\"string\",\"persist\":\"true\",\"$$hashKey\":\"uiGrid-006P\"},{\"variableName\":\"email\",\"variableType\":\"string\",\"persist\":null,\"$$hashKey\":\"uiGrid-006R\"},{\"variableName\":\"company\",\"variableType\":\"string\",\"persist\":null,\"$$hashKey\":\"uiGrid-006T\"},{\"variableName\":\"recordList\",\"variableType\":\"string\",\"persist\":null,\"$$hashKey\":\"uiGrid-006V\"},{\"variableName\":\"userData\",\"variableType\":\"string\",\"persist\":null,\"$$hashKey\":\"uiGrid-006X\"},{\"variableName\":\"customerId\",\"variableType\":\"string\",\"persist\":null,\"$$hashKey\":\"uiGrid-006Z\"},{\"variableName\":\"firstName\",\"variableType\":\"string\",\"persist\":null,\"$$hashKey\":\"uiGrid-0071\"},{\"variableName\":\"lastName\",\"variableType\":\"string\",\"persist\":null,\"$$hashKey\":\"uiGrid-0073\"},{\"variableName\":\"zipCode\",\"variableType\":\"string\",\"persist\":null,\"$$hashKey\":\"uiGrid-0075\"},{\"variableName\":\"policyNumber\",\"variableType\":\"string\",\"persist\":null,\"$$hashKey\":\"uiGrid-0077\"},{\"variableName\":\"stateVerify\",\"variableType\":\"boolean\",\"persist\":null,\"$$hashKey\":\"uiGrid-0079\"},{\"variableName\":\"homeValue\",\"variableType\":\"integer\",\"persist\":null,\"$$hashKey\":\"uiGrid-007B\"}]","metadata":"","nonpersistenceformfields":"","deleteallvariables":"{\"deleteallvariables\":\"false\"}","original_model_id":51,"original_model_version":69},"stencil":{"id":"BPMNDiagram"},"childShapes":[{"resourceId":"startEvent1","properties":{"overrideid":"startEvent1","name":"","documentation":"","executionlisteners":{"executionListeners":[]},"initiator":"","formkeydefinition":"","formreference":null,"fieldstovariables":"","formproperties":"","asynchronousdefinition":false,"exclusivedefinition":false},"stencil":{"id":"StartNoneEvent"},"childShapes":[],"outgoing":[{"resourceId":"sid-DD9EB333-5446-455F-BE78-5921FBCB932A"}],"bounds":{"lowerRight":{"x":195.00000000000023,"y":160},"upperLeft":{"x":165.00000000000023,"y":130}},"dockers":[]},{"resourceId":"sid-989CA215-486B-466E-83B0-E75705E3FA65","properties":{"scriptformat":"groovy","scripttext":"   import com.activiti.service.idm.UserServiceImpl;\n   import com.activiti.security.SecurityUtils;\n   import com.activiti.domain.idm.UserStatus;\n   import com.activiti.domain.idm.AccountType;\n   import com.activiti.domain.idm.User;\n   import com.activiti.repository.idm.UserRepository;\n   \n   \n   User currentUser = SecurityUtils.getCurrentUserObject();\n   \n   \n   String firstName = execution.getVariable(\"firstName\");\n   String lastName = execution.getVariable(\"lastName\");\n   String email = execution.getVariable(\"email\");\n   String password = \"demo\";\n   String company = \"na\";\n   String externalId = firstName + \"\" + lastName;\n   externalId = externalId.toLowerCase();\n   \n   UserStatus initialStatus = UserStatus.ACTIVE;\n   AccountType accountType = AccountType.ENTERPRISE;\n   Long tenantId = currentUser.getTenantId();\n   \n   // createNewUser(java.lang.String, java.lang.String, java.lang.String, java.lang.String, java.lang.String, com.activiti.domain.idm.UserStatus, com.activiti.domain.idm.AccountType, java.lang.Long)\n   \n   print(\"Create new user with values: \"+firstName+\" / \"+lastName+\" / \"+tenantId);\n   \n   User newUser = userService.createNewUser(\n           email,\n           firstName,\n           lastName,\n           password,\n           company,\n           initialStatus,\n           accountType,\n           tenantId\n           //externalId\n       );\n   \n   userRepository.save(newUser);\n   \n   Long nuid = newUser.getId();\n   \n   println(\"newUser.getId() >>> \"+nuid);\n   execution.setVariable('customerId', nuid);\n   execution.setVariable('policyNumber', \"9SI-\"+nuid);\n   ","executionvariables":"","overrideid":"sid-989CA215-486B-466E-83B0-E75705E3FA65","name":"Add User to APS","documentation":"","asynchronousdefinition":false,"exclusivedefinition":false,"executionlisteners":{"executionListeners":[]},"multiinstance_type":"None","multiinstance_cardinality":"","multiinstance_collection":"","multiinstance_variable":"","multiinstance_condition":"","isforcompensation":false},"stencil":{"id":"ScriptTask"},"childShapes":[],"outgoing":[{"resourceId":"sid-4094F777-0D01-44DC-BDC4-18E1255921AA"}],"bounds":{"lowerRight":{"x":520.0000000000005,"y":185},"upperLeft":{"x":420.00000000000045,"y":105}},"dockers":[]},{"resourceId":"sid-DEA13F47-36D7-4D3A-9CA8-11718AFCE7B6","properties":{"overrideid":"sid-DEA13F47-36D7-4D3A-9CA8-11718AFCE7B6","name":"5 sec delay","documentation":"","executionlisteners":{"executionListeners":[]},"timercycledefinition":"","timerdatedefinition":"","timerdurationdefinition":"PT5S","asynchronousdefinition":false,"exclusivedefinition":false},"stencil":{"id":"CatchTimerEvent"},"childShapes":[],"outgoing":[{"resourceId":"sid-175A3B44-FCB0-4784-8BF4-F0B5E088029D"}],"bounds":{"lowerRight":{"x":766.0000000000005,"y":160.5},"upperLeft":{"x":735.0000000000005,"y":129.5}},"dockers":[{"x":750.5000000000005,"y":145}]},{"resourceId":"sid-FF7DE5F6-129F-4BA0-A06D-5B005FE47903","properties":{"overrideid":"sid-FF7DE5F6-129F-4BA0-A06D-5B005FE47903","name":"Verify User Data","documentation":"","asynchronousdefinition":false,"exclusivedefinition":false,"executionlisteners":{"executionListeners":[]},"multiinstance_type":"None","multiinstance_cardinality":"","multiinstance_collection":"","multiinstance_variable":"","multiinstance_condition":"","isforcompensation":false,"usertasksendemail":true,"usertaskassignment":{"assignment":{"type":"idm","idm":{"type":"initiator"}}},"formkeydefinition":"","formreference":{"id":74,"name":"Verify User data","referenceId":null},"fieldstovariables":"","duedatedefinition":"","prioritydefinition":"","categorydefinition":"","formproperties":"","tasklisteners":{"taskListeners":[]},"emailtemplate":""},"stencil":{"id":"UserTask"},"childShapes":[],"outgoing":[{"resourceId":"sid-D5F6FEAB-18A3-4E58-B274-9E797C762339"}],"bounds":{"lowerRight":{"x":1075.0000000000005,"y":332},"upperLeft":{"x":975.0000000000005,"y":252}},"dockers":[]},{"resourceId":"sid-089A29A6-3442-4EA9-B789-AB3D71624AC9","properties":{"overrideid":"sid-089A29A6-3442-4EA9-B789-AB3D71624AC9","name":"Get All Users","documentation":"","restcalltask_endpoint":{"rest_url":"/api/enterprise/users","http_method":"GET","endpoint_config":{"id":"1","name":"aps"}},"restcalltask_request_mapping":[],"restcalltask_response_mapping":[{"jsonPropertyName":"data","processVariableName":"userData","processVariableType":"string"}],"restcalltask_request_headers":[],"servicetaskfields":{"fields":[{"name":"baseEndpoint","stringValue":"1"},{"name":"baseEndpointName","stringValue":"aps"},{"name":"restUrl","stringValue":"/api/enterprise/users"},{"name":"httpMethod","stringValue":"GET"}]},"executionlisteners":{"executionListeners":[]},"isforcompensation":false,"asynchronousdefinition":true,"exclusivedefinition":true},"stencil":{"id":"RestCallTask"},"childShapes":[],"outgoing":[{"resourceId":"sid-D3CB5B40-A56E-45C9-B991-76F2D9CAF6C4"}],"bounds":{"lowerRight":{"x":925.0000000000005,"y":185},"upperLeft":{"x":825.0000000000005,"y":105}},"dockers":[]},{"resourceId":"sid-175A3B44-FCB0-4784-8BF4-F0B5E088029D","properties":{"overrideid":"sid-175A3B44-FCB0-4784-8BF4-F0B5E088029D","name":"","documentation":"","conditionsequenceflow":"","executionlisteners":{"executionListeners":[]},"defaultflow":"false"},"stencil":{"id":"SequenceFlow"},"childShapes":[],"outgoing":[{"resourceId":"sid-089A29A6-3442-4EA9-B789-AB3D71624AC9"}],"bounds":{"lowerRight":{"x":824.3945312500005,"y":145},"upperLeft":{"x":766.0898437500005,"y":145}},"dockers":[{"x":15.5,"y":15.5},{"x":50,"y":40}],"target":{"resourceId":"sid-089A29A6-3442-4EA9-B789-AB3D71624AC9"}},{"resourceId":"sid-EF4C5ACA-5720-4406-A89B-79A2764236C3","properties":{"overrideid":"sid-EF4C5ACA-5720-4406-A89B-79A2764236C3","name":"Save Cust data to DB","documentation":"","alfrescoactiontask_publish_as_type":{"publishAsType":"process_initiator"},"entityattributemapping":{"mappedDataModel":101,"mappedEntity":"newCustomers","variableType":"new","newVariableName":"newCustomerdata","attributeMappings":[{"attributeName":"id","attributeType":"number","attributePrimaryKey":true,"attributeIdentity":false,"attributeRequired":false,"valueType":"variable","variable":{"id":"customerId","name":"customerId","type":"string"},"$$hashKey":"uiGrid-0049"},{"attributeName":"firstname","attributeType":"string","attributePrimaryKey":false,"attributeIdentity":false,"attributeRequired":false,"valueType":"variable","variable":{"id":"firstName","name":"firstName","type":"string"},"$$hashKey":"uiGrid-004B"},{"attributeName":"lastname","attributeType":"string","attributePrimaryKey":false,"attributeIdentity":false,"attributeRequired":false,"valueType":"variable","variable":{"id":"lastName","name":"lastName","type":"string"},"$$hashKey":"uiGrid-004D"},{"attributeName":"address","attributeType":"string","attributePrimaryKey":false,"attributeIdentity":false,"attributeRequired":false,"valueType":"variable","variable":{"id":"address","name":"address","type":"string"},"$$hashKey":"uiGrid-004F"},{"attributeName":"city","attributeType":"string","attributePrimaryKey":false,"attributeIdentity":false,"attributeRequired":false,"valueType":"variable","variable":{"id":"city","name":"city","type":"string"},"$$hashKey":"uiGrid-004H"},{"attributeName":"state","attributeType":"string","attributePrimaryKey":false,"attributeIdentity":false,"attributeRequired":false,"valueType":"variable","variable":{"id":"state","name":"state","type":"string"},"$$hashKey":"uiGrid-004J"},{"attributeName":"zip","attributeType":"string","attributePrimaryKey":false,"attributeIdentity":false,"attributeRequired":false,"valueType":"variable","variable":{"id":"zipCode","name":"zipCode","type":"string"},"$$hashKey":"uiGrid-004L"},{"attributeName":"email","attributeType":"string","attributePrimaryKey":false,"attributeIdentity":false,"attributeRequired":false,"valueType":"variable","variable":{"id":"email","name":"email","type":"string"},"$$hashKey":"uiGrid-004N"},{"attributeName":"phone","attributeType":"string","attributePrimaryKey":false,"attributeIdentity":false,"attributeRequired":false,"valueType":"variable","variable":{"id":"phoneNumber","name":"phoneNumber","type":"string"},"$$hashKey":"uiGrid-004P"},{"attributeName":"policynum","attributeType":"string","attributePrimaryKey":false,"attributeIdentity":false,"attributeRequired":false,"valueType":"variable","variable":{"id":"policyNumber","name":"policyNumber","type":"string"},"$$hashKey":"uiGrid-004R"}]},"executionlisteners":{"executionListeners":[]},"isforcompensation":false,"asynchronousdefinition":false,"exclusivedefinition":true},"stencil":{"id":"StoreEntityTask"},"childShapes":[],"outgoing":[{"resourceId":"sid-82831ABB-CAC0-41F0-9FF5-C7235480757D"}],"bounds":{"lowerRight":{"x":670.0000000000002,"y":185},"upperLeft":{"x":570.0000000000002,"y":105}},"dockers":[]},{"resourceId":"sid-82773B41-4FAE-4CDB-96EB-6D1FFF7EB07D","properties":{"scriptformat":"groovy","scripttext":"   import groovy.sql.Sql;\n   import groovy.json.*\n   import groovy.json.JsonBuilder\n   \n   class Record {\n       String recId\n       String firstname\n       String lastname\n       String address\n       String city\n       String state\n       String zip\n       String email\n       String phone\n       String policy\n   }\n   \n   def url = 'jdbc:oracle:thin:@//aps-custom-oracle-db.cp58lgpzkwpy.us-east-1.rds.amazonaws.com/ORCL'\n   def user = 'admin'\n   def password = 'apsadmin'\n   def driver = 'oracle.jdbc.driver.OracleDriver'\n   def sql = Sql.newInstance(url, user, password, driver)\n   \n   rowNum = 0;\n   def recordList = [];\n   \n   out.println('Query Customer: '+execution.getVariable(\"customerId\"));\n   \n   //sql.eachRow(\"SELECT ID,FIRSTNAME,LASTNAME,STREETADDRESS,CITY,STATE,ZIPCODE,EMAIL,PHONE,POLICY FROM NINESI WHERE ID = ${customerId}\") { row ->\n   sql.eachRow(\"SELECT * FROM NINESI WHERE ID = ${customerId}\") { row ->\n      \n     def r = new Record( recId:row.id, firstname:row.firstname, lastname:row.lastname, address:row.streetaddress, city:row.city, state:row.state, zip:row.zipcode, email:row.email, phone:row.phone, policy:row.policy)\n       recordList.add(r);\n     \n   }\n   \n println new JsonBuilder( recordList ).toPrettyString()\n out.println('Customer Details: '+recordList);\n execution.setVariable(\"recordList\", new JsonBuilder( recordList ).toPrettyString())\n ","executionvariables":"","overrideid":"sid-82773B41-4FAE-4CDB-96EB-6D1FFF7EB07D","name":"Get User from DB","documentation":"","asynchronousdefinition":false,"exclusivedefinition":false,"executionlisteners":{"executionListeners":[]},"multiinstance_type":"None","multiinstance_cardinality":"","multiinstance_collection":"","multiinstance_variable":"","multiinstance_condition":"","isforcompensation":false},"stencil":{"id":"ScriptTask"},"childShapes":[],"outgoing":[{"resourceId":"sid-2F64F7F2-4AAA-43C1-AB02-9A918384D968"}],"bounds":{"lowerRight":{"x":1075.0000000000005,"y":185},"upperLeft":{"x":975.0000000000005,"y":105}},"dockers":[]},{"resourceId":"sid-D3CB5B40-A56E-45C9-B991-76F2D9CAF6C4","properties":{"overrideid":"sid-D3CB5B40-A56E-45C9-B991-76F2D9CAF6C4","name":"","documentation":"","conditionsequenceflow":"","executionlisteners":{"executionListeners":[]},"defaultflow":"false"},"stencil":{"id":"SequenceFlow"},"childShapes":[],"outgoing":[{"resourceId":"sid-82773B41-4FAE-4CDB-96EB-6D1FFF7EB07D"}],"bounds":{"lowerRight":{"x":974.7812500000005,"y":145},"upperLeft":{"x":925.2187500000005,"y":145}},"dockers":[{"x":50,"y":40},{"x":50,"y":40}],"target":{"resourceId":"sid-82773B41-4FAE-4CDB-96EB-6D1FFF7EB07D"}},{"resourceId":"sid-2F64F7F2-4AAA-43C1-AB02-9A918384D968","properties":{"overrideid":"sid-2F64F7F2-4AAA-43C1-AB02-9A918384D968","name":"","documentation":"","conditionsequenceflow":"","executionlisteners":{"executionListeners":[]},"defaultflow":"false"},"stencil":{"id":"SequenceFlow"},"childShapes":[],"outgoing":[{"resourceId":"sid-FF7DE5F6-129F-4BA0-A06D-5B005FE47903"}],"bounds":{"lowerRight":{"x":1025.0000000000005,"y":251.953125},"upperLeft":{"x":1025.0000000000005,"y":185.046875}},"dockers":[{"x":50,"y":40},{"x":50,"y":40}],"target":{"resourceId":"sid-FF7DE5F6-129F-4BA0-A06D-5B005FE47903"}},{"resourceId":"sid-D5F6FEAB-18A3-4E58-B274-9E797C762339","properties":{"overrideid":"sid-D5F6FEAB-18A3-4E58-B274-9E797C762339","name":"","documentation":"","conditionsequenceflow":"","executionlisteners":{"executionListeners":[]},"defaultflow":"false"},"stencil":{"id":"SequenceFlow"},"childShapes":[],"outgoing":[{"resourceId":"sid-7AA5E7F3-A774-4C5A-869B-D52B589B46EC"}],"bounds":{"lowerRight":{"x":974.7812500000005,"y":292},"upperLeft":{"x":925.2187500000005,"y":292}},"dockers":[{"x":50,"y":40},{"x":50,"y":40}],"target":{"resourceId":"sid-7AA5E7F3-A774-4C5A-869B-D52B589B46EC"}},{"resourceId":"sid-7AA5E7F3-A774-4C5A-869B-D52B589B46EC","properties":{"overrideid":"sid-7AA5E7F3-A774-4C5A-869B-D52B589B46EC","name":"KYC Delegate","documentation":"","asynchronousdefinition":false,"exclusivedefinition":false,"executionlisteners":{"executionListeners":[]},"multiinstance_type":"None","multiinstance_cardinality":"","multiinstance_collection":"","multiinstance_variable":"","multiinstance_condition":"","isforcompensation":false,"servicetaskclass":"com.activiti.extension.bean.KYCJavaDelegate","servicetaskexpression":"","servicetaskdelegateexpression":"","servicetaskfields":{"fields":[]},"servicetaskresultvariable":"","executionvariables":""},"stencil":{"id":"ServiceTask"},"childShapes":[],"outgoing":[{"resourceId":"sid-5C07839A-555E-4369-A093-DE6C9BD450D0"}],"bounds":{"lowerRight":{"x":925.0000000000005,"y":332},"upperLeft":{"x":825.0000000000005,"y":252}},"dockers":[]},{"resourceId":"sid-A0533077-9536-47AA-A069-2CC469BDEBD3","properties":{"overrideid":"sid-A0533077-9536-47AA-A069-2CC469BDEBD3","name":"","documentation":"","asynchronousdefinition":false,"exclusivedefinition":false,"sequencefloworder":{"sequenceFlowOrder":["sid-B2953513-4F47-4D23-A6BD-01AF2D7BA473","sid-D29E939F-43AB-411A-92F6-47EEE6BD19CC"]},"executionlisteners":{"executionListeners":[]}},"stencil":{"id":"ExclusiveGateway"},"childShapes":[],"outgoing":[{"resourceId":"sid-B2953513-4F47-4D23-A6BD-01AF2D7BA473"},{"resourceId":"sid-D29E939F-43AB-411A-92F6-47EEE6BD19CC"}],"bounds":{"lowerRight":{"x":563.3333101537506,"y":312},"upperLeft":{"x":523.3333101537506,"y":272}},"dockers":[]},{"resourceId":"sid-5C07839A-555E-4369-A093-DE6C9BD450D0","properties":{"overrideid":"sid-5C07839A-555E-4369-A093-DE6C9BD450D0","name":"","documentation":"","conditionsequenceflow":"","executionlisteners":{"executionListeners":[]},"defaultflow":"false"},"stencil":{"id":"SequenceFlow"},"childShapes":[],"outgoing":[{"resourceId":"sid-8BFD274D-B9EA-4430-8127-FF65C16106AC"}],"bounds":{"lowerRight":{"x":824.859408190696,"y":291.5482799731551},"upperLeft":{"x":740.1405639938051,"y":290.7850421015236}},"dockers":[{"x":50,"y":40},{"x":50,"y":40}],"target":{"resourceId":"sid-8BFD274D-B9EA-4430-8127-FF65C16106AC"}},{"resourceId":"sid-8BFD274D-B9EA-4430-8127-FF65C16106AC","properties":{"overrideid":"sid-8BFD274D-B9EA-4430-8127-FF65C16106AC","name":"Generate PDF","documentation":"","generatedocumenttemplate":{"id":101,"name":"9si_onboarding.docx"},"generatedocumenttaskoutputformat":"pdf","executionvariable_document":{"variableName":"custDoc","variableType":"document"},"generatedocumentfilename":"customer-${lastName}-${policyNumber}","additionaldatasources_document":"","additionaldatasourcenames_document":"","executionlisteners":{"executionListeners":[]},"isforcompensation":false,"asynchronousdefinition":true,"exclusivedefinition":true},"stencil":{"id":"GenerateDocumentTask"},"childShapes":[],"outgoing":[{"resourceId":"sid-339898B9-9DD3-4801-A522-79F5D5340729"}],"bounds":{"lowerRight":{"x":739.9999721845006,"y":330.3333220746787},"upperLeft":{"x":639.9999721845006,"y":250.33332207467868}},"dockers":[]},{"resourceId":"sid-62A6176C-D14D-44BF-88DB-846D8E426FAD","properties":{"overrideid":"sid-62A6176C-D14D-44BF-88DB-846D8E426FAD","name":"Save to OH","documentation":"","alfresco_cloud_content":{"source":"field","documentType":"cmis:document","documentAspects":[{"aspectName":"cm:titled"}],"field":"custDoc"},"alfresco_cloud_destination":{"account":"alfresco-1-Alfresco-1","site":"9-second-insurance","path":"a06b5061-dec7-439c-ab50-61dec7139cc0","path_title":"documentLibrary > Customer Onboarding > Customer Policies > Ohio Based Policies","site_title":"9 Second Insurance","publish_as_type":"process_initiator"},"executionlisteners":{"executionListeners":[]},"isforcompensation":false,"asynchronousdefinition":true,"exclusivedefinition":true},"stencil":{"id":"PublishToAlfrescoCloudTask"},"childShapes":[],"outgoing":[{"resourceId":"sid-3E9FEF91-A303-4796-921D-7C16E31C5E08"}],"bounds":{"lowerRight":{"x":423.57551164903634,"y":330.5008059456787},"upperLeft":{"x":323.3333181010363,"y":250.33332207467868}},"dockers":[]},{"resourceId":"sid-3E342684-1C3A-4B79-9976-0DCB1D857514","properties":{"overrideid":"sid-3E342684-1C3A-4B79-9976-0DCB1D857514","name":"","documentation":"","executionlisteners":{"executionListeners":[]},"asynchronousdefinition":false,"exclusivedefinition":false},"stencil":{"id":"EndNoneEvent"},"childShapes":[],"outgoing":[],"bounds":{"lowerRight":{"x":387.45441487503626,"y":444.99998211860725},"upperLeft":{"x":359.45441487503626,"y":416.99998211860725}},"dockers":[]},{"resourceId":"sid-3E9FEF91-A303-4796-921D-7C16E31C5E08","properties":{"overrideid":"sid-3E9FEF91-A303-4796-921D-7C16E31C5E08","name":"","documentation":"","conditionsequenceflow":"","executionlisteners":{"executionListeners":[]},"defaultflow":"false","showdiamondmarker":false},"stencil":{"id":"SequenceFlow"},"childShapes":[],"outgoing":[{"resourceId":"sid-3E342684-1C3A-4B79-9976-0DCB1D857514"}],"bounds":{"lowerRight":{"x":373.4544148750364,"y":416.03209955803993},"upperLeft":{"x":373.4544148750364,"y":330.6074321559453}},"dockers":[{"x":50.12109677400003,"y":40.0837419355},{"x":14.000000000000114,"y":2.04187990844639}],"target":{"resourceId":"sid-3E342684-1C3A-4B79-9976-0DCB1D857514"}},{"resourceId":"sid-4236665C-7AE2-4B1E-9D41-A1645A9FBD60","properties":{"overrideid":"sid-4236665C-7AE2-4B1E-9D41-A1645A9FBD60","name":"Save to Non-OH","documentation":"","alfresco_cloud_content":{"source":"field","documentType":"cmis:document","documentAspects":[{"aspectName":"cm:titled"}],"field":"custDoc"},"alfresco_cloud_destination":{"account":"alfresco-1-Alfresco-1","site":"9-second-insurance","path":"3a189eed-b252-424d-989e-edb252424d4d","path_title":"documentLibrary > Customer Onboarding > Customer Policies > Non-Ohio Based Policies","site_title":"9 Second Insurance","publish_as_type":"process_initiator"},"executionlisteners":{"executionListeners":[]},"isforcompensation":false,"asynchronousdefinition":true,"exclusivedefinition":true},"stencil":{"id":"PublishToAlfrescoCloudTask"},"childShapes":[],"outgoing":[{"resourceId":"sid-7E196F00-BE35-428F-9690-1C50B2CE4F74"}],"bounds":{"lowerRight":{"x":593.4544069277508,"y":471.0837240541072},"upperLeft":{"x":493.2122133797508,"y":390.9162401831073}},"dockers":[]},{"resourceId":"sid-7E196F00-BE35-428F-9690-1C50B2CE4F74","properties":{"overrideid":"sid-7E196F00-BE35-428F-9690-1C50B2CE4F74","name":"","documentation":"","conditionsequenceflow":"","executionlisteners":{"executionListeners":[]},"defaultflow":"false","showdiamondmarker":false},"stencil":{"id":"SequenceFlow"},"childShapes":[],"outgoing":[{"resourceId":"sid-3E342684-1C3A-4B79-9976-0DCB1D857514"}],"bounds":{"lowerRight":{"x":493.22769198724734,"y":430.99998211860725},"upperLeft":{"x":387.72620356868583,"y":430.99998211860725}},"dockers":[{"x":50.12109677400002,"y":40.08374193549997},{"x":14,"y":14}],"target":{"resourceId":"sid-3E342684-1C3A-4B79-9976-0DCB1D857514"}},{"resourceId":"sid-D29E939F-43AB-411A-92F6-47EEE6BD19CC","properties":{"overrideid":"sid-D29E939F-43AB-411A-92F6-47EEE6BD19CC","name":"","documentation":"","conditionsequenceflow":{"expression":{"index":"0","leftRestResponseId":"stateVerify","leftRestResponseType":"boolean","rightValue":"false","operator":"==","type":"variables"}},"executionlisteners":{"executionListeners":[]},"defaultflow":"false"},"stencil":{"id":"SequenceFlow"},"childShapes":[],"outgoing":[{"resourceId":"sid-4236665C-7AE2-4B1E-9D41-A1645A9FBD60"}],"bounds":{"lowerRight":{"x":543.3333101537507,"y":390.9062371477489},"upperLeft":{"x":543.3333101537507,"y":312.00390380527836}},"dockers":[{"x":20,"y":20},{"x":50.12109677400002,"y":40.08374193549997}],"target":{"resourceId":"sid-4236665C-7AE2-4B1E-9D41-A1645A9FBD60"}},{"resourceId":"sid-339898B9-9DD3-4801-A522-79F5D5340729","properties":{"overrideid":"sid-339898B9-9DD3-4801-A522-79F5D5340729","name":"","documentation":"","conditionsequenceflow":"","executionlisteners":{"executionListeners":[]},"defaultflow":"false"},"stencil":{"id":"SequenceFlow"},"childShapes":[],"outgoing":[{"resourceId":"sid-A0533077-9536-47AA-A069-2CC469BDEBD3"}],"bounds":{"lowerRight":{"x":639.729204969285,"y":291.7803022794982},"upperLeft":{"x":562.666578346855,"y":290.90458467005294}},"dockers":[{"x":50,"y":40},{"x":20,"y":20}],"target":{"resourceId":"sid-A0533077-9536-47AA-A069-2CC469BDEBD3"}},{"resourceId":"sid-61B7F781-3053-4108-8621-DE417AA59416","properties":{"overrideid":"","name":"Gather Customer Data","documentation":"","asynchronousdefinition":"false","exclusivedefinition":"false","executionlisteners":"","multiinstance_type":"None","multiinstance_cardinality":"","multiinstance_collection":"","multiinstance_variable":"","multiinstance_condition":"","isforcompensation":"false","usertasksendemail":true,"usertaskassignment":"","formkeydefinition":"","formreference":{"id":673,"name":"Gather Customer Data","referenceId":672},"fieldstovariables":"","duedatedefinition":"","prioritydefinition":"","categorydefinition":"","formproperties":"","tasklisteners":"","emailtemplate":""},"stencil":{"id":"UserTask"},"childShapes":[],"outgoing":[{"resourceId":"sid-04E0726E-6775-4001-9EBF-253A75CA5F52"}],"bounds":{"lowerRight":{"x":370.0000000000002,"y":185},"upperLeft":{"x":270.0000000000002,"y":105}},"dockers":[]},{"resourceId":"sid-DD9EB333-5446-455F-BE78-5921FBCB932A","properties":{"overrideid":"","name":"","documentation":"","conditionsequenceflow":"","executionlisteners":"","defaultflow":"false","showdiamondmarker":false},"stencil":{"id":"SequenceFlow"},"childShapes":[],"outgoing":[{"resourceId":"sid-61B7F781-3053-4108-8621-DE417AA59416"}],"bounds":{"lowerRight":{"x":270.0000000000002,"y":145},"upperLeft":{"x":195.21875000000023,"y":145}},"dockers":[{"x":15,"y":15},{"x":1,"y":40}],"target":{"resourceId":"sid-61B7F781-3053-4108-8621-DE417AA59416"}},{"resourceId":"sid-B2953513-4F47-4D23-A6BD-01AF2D7BA473","properties":{"overrideid":"sid-B2953513-4F47-4D23-A6BD-01AF2D7BA473","name":"","documentation":"","conditionsequenceflow":"","executionlisteners":{"executionListeners":[]},"defaultflow":true},"stencil":{"id":"SequenceFlow"},"childShapes":[],"outgoing":[{"resourceId":"sid-62A6176C-D14D-44BF-88DB-846D8E426FAD"}],"bounds":{"lowerRight":{"x":523.7528493926202,"y":291.8175487544511},"upperLeft":{"x":424.2235790662432,"y":290.8901324101089}},"dockers":[{"x":20,"y":20},{"x":50.12109677400003,"y":40.0837419355}],"target":{"resourceId":"sid-62A6176C-D14D-44BF-88DB-846D8E426FAD"}},{"resourceId":"sid-04E0726E-6775-4001-9EBF-253A75CA5F52","properties":{"overrideid":"","name":"","documentation":"","conditionsequenceflow":"","executionlisteners":"","defaultflow":"false"},"stencil":{"id":"SequenceFlow"},"childShapes":[],"outgoing":[{"resourceId":"sid-989CA215-486B-466E-83B0-E75705E3FA65"}],"bounds":{"lowerRight":{"x":419.78125000000034,"y":145},"upperLeft":{"x":370.21875000000034,"y":145}},"dockers":[{"x":50,"y":40},{"x":50,"y":40}],"target":{"resourceId":"sid-989CA215-486B-466E-83B0-E75705E3FA65"}},{"resourceId":"sid-4094F777-0D01-44DC-BDC4-18E1255921AA","properties":{"overrideid":"","name":"","documentation":"","conditionsequenceflow":"","executionlisteners":"","defaultflow":"false"},"stencil":{"id":"SequenceFlow"},"childShapes":[],"outgoing":[{"resourceId":"sid-EF4C5ACA-5720-4406-A89B-79A2764236C3"}],"bounds":{"lowerRight":{"x":569.7812500000002,"y":145},"upperLeft":{"x":520.2187500000003,"y":145}},"dockers":[{"x":50,"y":40},{"x":50,"y":40}],"target":{"resourceId":"sid-EF4C5ACA-5720-4406-A89B-79A2764236C3"}},{"resourceId":"sid-82831ABB-CAC0-41F0-9FF5-C7235480757D","properties":{"overrideid":"","name":"","documentation":"","conditionsequenceflow":"","executionlisteners":"","defaultflow":"false"},"stencil":{"id":"SequenceFlow"},"childShapes":[],"outgoing":[{"resourceId":"sid-DEA13F47-36D7-4D3A-9CA8-11718AFCE7B6"}],"bounds":{"lowerRight":{"x":735.2265625000005,"y":145},"upperLeft":{"x":670.9570312500002,"y":145}},"dockers":[{"x":50,"y":40},{"x":15.5,"y":15.5}],"target":{"resourceId":"sid-DEA13F47-36D7-4D3A-9CA8-11718AFCE7B6"}}],"bounds":{"lowerRight":{"x":5000,"y":2050},"upperLeft":{"x":0,"y":0}},"stencilset":{"url":"stencilsets/bpmn2.0/bpmn2.0.json","namespace":"http://b3mn.org/stencilset/bpmn2.0#"},"ssextensions":[]}