<?xml version='1.0' encoding='UTF-8'?>
<bpmn2:definitions xmlns="http://www.omg.org/spec/BPMN/20100524/MODEL" xmlns:bpmn2="http://www.omg.org/spec/BPMN/20100524/MODEL" xmlns:xsi="http://www.w3.org/2001/XMLSchema-instance" xmlns:xsd="http://www.w3.org/2001/XMLSchema" xmlns:activiti="http://activiti.org/bpmn" xmlns:bpmndi="http://www.omg.org/spec/BPMN/20100524/DI" xmlns:omgdc="http://www.omg.org/spec/DD/20100524/DC" xmlns:omgdi="http://www.omg.org/spec/DD/20100524/DI" typeLanguage="http://www.w3.org/2001/XMLSchema" expressionLanguage="http://www.w3.org/1999/XPath" targetNamespace="http://www.activiti.org/processdef" xmlns:modeler="http://activiti.com/modeler" modeler:version="1.0en" modeler:exportDateTime="20251201153328104" modeler:modelId="669" modeler:modelVersion="8" modeler:modelLastUpdated="1761922640345">
  <bpmn2:process id="u6NewClaim" name="u6 New Claim" isExecutable="true">
    <bpmn2:documentation>create a new claim</bpmn2:documentation>
    <extensionElements>
      <modeler:deleteallvariables xmlns:modeler="http://activiti.com/modeler" modeler:deleteallvariables=""/>
      <modeler:executionvariables xmlns:modeler="http://activiti.com/modeler" modeler:variableName="cAddress" modeler:variableType="string" modeler:persist="true"/>
      <modeler:executionvariables xmlns:modeler="http://activiti.com/modeler" modeler:variableName="cCity" modeler:variableType="string" modeler:persist="true"/>
      <modeler:executionvariables xmlns:modeler="http://activiti.com/modeler" modeler:variableName="cFirstName" modeler:variableType="string" modeler:persist="true"/>
      <modeler:executionvariables xmlns:modeler="http://activiti.com/modeler" modeler:variableName="cLastName" modeler:variableType="string" modeler:persist="true"/>
      <modeler:executionvariables xmlns:modeler="http://activiti.com/modeler" modeler:variableName="cState" modeler:variableType="string" modeler:persist="true"/>
      <modeler:executionvariables xmlns:modeler="http://activiti.com/modeler" modeler:variableName="cZip" modeler:variableType="string" modeler:persist="true"/>
      <modeler:executionvariables xmlns:modeler="http://activiti.com/modeler" modeler:variableName="deductible" modeler:variableType="integer" modeler:persist="true"/>
      <modeler:executionvariables xmlns:modeler="http://activiti.com/modeler" modeler:variableName="lu_lastname" modeler:variableType="string" modeler:persist="true"/>
      <modeler:executionvariables xmlns:modeler="http://activiti.com/modeler" modeler:variableName="recordCount" modeler:variableType="integer" modeler:persist="true"/>
      <modeler:executionvariables xmlns:modeler="http://activiti.com/modeler" modeler:variableName="recordList" modeler:variableType="string" modeler:persist="true"/>
      <modeler:executionvariables xmlns:modeler="http://activiti.com/modeler" modeler:variableName="claimNotes" modeler:variableType="string"/>
      <modeler:executionvariables xmlns:modeler="http://activiti.com/modeler" modeler:variableName="recordID" modeler:variableType="string"/>
      <modeler:executionvariables xmlns:modeler="http://activiti.com/modeler" modeler:variableName="incidentDate" modeler:variableType="string"/>
      <modeler:executionvariables xmlns:modeler="http://activiti.com/modeler" modeler:variableName="incidentType" modeler:variableType="string"/>
      <modeler:executionvariables xmlns:modeler="http://activiti.com/modeler" modeler:variableName="damageSeverity" modeler:variableType="string"/>
      <modeler:executionvariables xmlns:modeler="http://activiti.com/modeler" modeler:variableName="value" modeler:variableType="string"/>
      <modeler:executionvariables xmlns:modeler="http://activiti.com/modeler" modeler:variableName="cStatus" modeler:variableType="string"/>
    </extensionElements>
    <bpmn2:startEvent id="startEvent1" activiti:formKey="659">
      <extensionElements>
        <modeler:form-reference-id><![CDATA[659]]></modeler:form-reference-id>
        <modeler:form-reference-name><![CDATA[Customer Lookup]]></modeler:form-reference-name>
        <modeler:editor-resource-id><![CDATA[startEvent1]]></modeler:editor-resource-id>
      </extensionElements>
      <bpmn2:outgoing>sid-E06EE257-4EE6-468A-BC30-C2D39E3358D7</bpmn2:outgoing>
    </bpmn2:startEvent>
    <bpmn2:userTask id="sid-5F93738E-8432-4AB5-AABA-BCE666CB3070" name="Customer Search" activiti:assignee="$INITIATOR" activiti:formKey="659">
      <extensionElements>
        <modeler:allow-send-email><![CDATA[true]]></modeler:allow-send-email>
        <modeler:form-reference-id><![CDATA[659]]></modeler:form-reference-id>
        <modeler:form-reference-name><![CDATA[Customer Lookup]]></modeler:form-reference-name>
        <modeler:activiti-idm-initiator><![CDATA[true]]></modeler:activiti-idm-initiator>
        <modeler:initiator-can-complete><![CDATA[false]]></modeler:initiator-can-complete>
        <modeler:deactivate-user-task-reassignment><![CDATA[false]]></modeler:deactivate-user-task-reassignment>
        <modeler:editor-resource-id><![CDATA[sid-5F93738E-8432-4AB5-AABA-BCE666CB3070]]></modeler:editor-resource-id>
      </extensionElements>
      <bpmn2:incoming>sid-3EC8DD38-0E77-43E3-8F46-AF8D0BEA4026</bpmn2:incoming>
      <bpmn2:outgoing>sid-BC6A8500-C534-46E8-922A-A4E60787DBFA</bpmn2:outgoing>
    </bpmn2:userTask>
    <bpmn2:scriptTask id="sid-8D566083-E687-4E7D-9F57-C365DAAB6B6E" name="Get DB Values" scriptFormat="groovy" activiti:autoStoreVariables="false">
      <extensionElements>
        <modeler:editor-resource-id><![CDATA[sid-8D566083-E687-4E7D-9F57-C365DAAB6B6E]]></modeler:editor-resource-id>
      </extensionElements>
      <bpmn2:incoming>sid-BC6A8500-C534-46E8-922A-A4E60787DBFA</bpmn2:incoming>
      <bpmn2:incoming>sid-E06EE257-4EE6-468A-BC30-C2D39E3358D7</bpmn2:incoming>
      <bpmn2:outgoing>sid-AF74D213-0C48-4FBA-BB09-200128F69B21</bpmn2:outgoing>
      <script><![CDATA[import groovy.sql.Sql;
import groovy.json.*;
import groovy.json.JsonBuilder;
import com.activiti.security.SecurityUtils;

class Record {
    String recId
    String firstname
    String lastname
    String address
    String city
    String state
    String zip
}

def ln = execution.getVariable("lookup_lastname");
execution.setVariable("lu_lastname", ln);

def url = 'jdbc:oracle:thin:@//aps-custom-oracle-db.cp58lgpzkwpy.us-east-1.rds.amazonaws.com/ORCL';
def user = 'admin';
def password = 'apsadmin';
def driver = 'oracle.jdbc.driver.OracleDriver';
def sql = Sql.newInstance(url, user, password, driver);

rowNum = 0;
def recordList = [];

sql.eachRow("SELECT ID, FIRSTNAME, LASTNAME, ADDRESSLINE1, CITY, STATE, ZIPCODE FROM CUSTOMERS WHERE LASTNAME = ${lu_lastname}") { row ->
   
    def r = new Record( recId: row.id, firstname:row.firstname, lastname:row.lastname, address:row.addressLine1, city:row.city, state:row.state, zip:row.zipcode)
    execution.setVariable("cFirstName", row.firstname);
    execution.setVariable("cLastName", row.lastname);
    execution.setVariable("cAddress", row.addressLine1);
    execution.setVariable("cCity", row.city);
    execution.setVariable("cState", row.state);
    execution.setVariable("cZip", row.zipcode);
    execution.setVariable("recordID", row.id);
    recordList.add(r);
  
}
execution.setVariable("recordCount", recordList.size);
  println new JsonBuilder( recordList ).toPrettyString();
  execution.setVariable("recordList", new JsonBuilder( recordList ).toPrettyString());
]]></script>
    </bpmn2:scriptTask>
    <bpmn2:userTask id="sid-CDCABB26-A487-4FB8-B495-A0E2A6787B73" name="Display DB Values" activiti:assignee="$INITIATOR" activiti:formKey="653">
      <extensionElements>
        <modeler:allow-send-email><![CDATA[true]]></modeler:allow-send-email>
        <modeler:form-reference-id><![CDATA[653]]></modeler:form-reference-id>
        <modeler:form-reference-name><![CDATA[Display DB Values]]></modeler:form-reference-name>
        <modeler:activiti-idm-initiator><![CDATA[true]]></modeler:activiti-idm-initiator>
        <modeler:initiator-can-complete><![CDATA[false]]></modeler:initiator-can-complete>
        <modeler:deactivate-user-task-reassignment><![CDATA[false]]></modeler:deactivate-user-task-reassignment>
        <modeler:editor-resource-id><![CDATA[sid-CDCABB26-A487-4FB8-B495-A0E2A6787B73]]></modeler:editor-resource-id>
      </extensionElements>
      <bpmn2:incoming>sid-AF74D213-0C48-4FBA-BB09-200128F69B21</bpmn2:incoming>
      <bpmn2:outgoing>sid-7322A8B6-0C6F-4B55-B4D6-26243E241EE6</bpmn2:outgoing>
    </bpmn2:userTask>
    <bpmn2:sequenceFlow id="sid-AF74D213-0C48-4FBA-BB09-200128F69B21" sourceRef="sid-8D566083-E687-4E7D-9F57-C365DAAB6B6E" targetRef="sid-CDCABB26-A487-4FB8-B495-A0E2A6787B73">
      <extensionElements>
        <modeler:editor-resource-id><![CDATA[sid-AF74D213-0C48-4FBA-BB09-200128F69B21]]></modeler:editor-resource-id>
      </extensionElements>
    </bpmn2:sequenceFlow>
    <bpmn2:sequenceFlow id="sid-7322A8B6-0C6F-4B55-B4D6-26243E241EE6" sourceRef="sid-CDCABB26-A487-4FB8-B495-A0E2A6787B73" targetRef="sid-CDEFCF4D-E12A-459B-BF1A-0CF0DBA27779">
      <extensionElements>
        <modeler:editor-resource-id><![CDATA[sid-7322A8B6-0C6F-4B55-B4D6-26243E241EE6]]></modeler:editor-resource-id>
      </extensionElements>
    </bpmn2:sequenceFlow>
    <bpmn2:exclusiveGateway id="sid-CDEFCF4D-E12A-459B-BF1A-0CF0DBA27779" default="sid-C7FC2445-47B5-459A-8AB6-6F3F2010A50C">
      <extensionElements>
        <modeler:editor-resource-id><![CDATA[sid-CDEFCF4D-E12A-459B-BF1A-0CF0DBA27779]]></modeler:editor-resource-id>
      </extensionElements>
      <bpmn2:incoming>sid-7322A8B6-0C6F-4B55-B4D6-26243E241EE6</bpmn2:incoming>
      <bpmn2:outgoing>sid-3EC8DD38-0E77-43E3-8F46-AF8D0BEA4026</bpmn2:outgoing>
      <bpmn2:outgoing>sid-C7FC2445-47B5-459A-8AB6-6F3F2010A50C</bpmn2:outgoing>
    </bpmn2:exclusiveGateway>
    <bpmn2:userTask id="sid-797FD565-1C7E-484F-B26A-2E8761D21524" name="Create Claim" activiti:assignee="$INITIATOR" activiti:formKey="654">
      <extensionElements>
        <modeler:allow-send-email><![CDATA[true]]></modeler:allow-send-email>
        <modeler:form-reference-id><![CDATA[654]]></modeler:form-reference-id>
        <modeler:form-reference-name><![CDATA[New Claim]]></modeler:form-reference-name>
        <modeler:activiti-idm-initiator><![CDATA[true]]></modeler:activiti-idm-initiator>
        <modeler:initiator-can-complete><![CDATA[false]]></modeler:initiator-can-complete>
        <modeler:deactivate-user-task-reassignment><![CDATA[false]]></modeler:deactivate-user-task-reassignment>
        <modeler:editor-resource-id><![CDATA[sid-797FD565-1C7E-484F-B26A-2E8761D21524]]></modeler:editor-resource-id>
      </extensionElements>
      <bpmn2:incoming>sid-C7FC2445-47B5-459A-8AB6-6F3F2010A50C</bpmn2:incoming>
      <bpmn2:outgoing>sid-30B8437F-CFCD-45F9-8312-DF01C8E5C477</bpmn2:outgoing>
    </bpmn2:userTask>
    <bpmn2:sequenceFlow id="sid-30B8437F-CFCD-45F9-8312-DF01C8E5C477" sourceRef="sid-797FD565-1C7E-484F-B26A-2E8761D21524" targetRef="sid-A1A6AAAA-737B-4E85-BE27-CDE57BABAD29">
      <extensionElements>
        <modeler:editor-resource-id><![CDATA[sid-30B8437F-CFCD-45F9-8312-DF01C8E5C477]]></modeler:editor-resource-id>
      </extensionElements>
    </bpmn2:sequenceFlow>
    <bpmn2:scriptTask id="sid-A1A6AAAA-737B-4E85-BE27-CDE57BABAD29" name="set deductible" scriptFormat="groovy" activiti:autoStoreVariables="false">
      <extensionElements>
        <modeler:editor-resource-id><![CDATA[sid-A1A6AAAA-737B-4E85-BE27-CDE57BABAD29]]></modeler:editor-resource-id>
      </extensionElements>
      <bpmn2:incoming>sid-30B8437F-CFCD-45F9-8312-DF01C8E5C477</bpmn2:incoming>
      <bpmn2:outgoing>sid-BE5789E7-CCCD-47F3-BA51-99C3E44091B5</bpmn2:outgoing>
      <script><![CDATA[execution.setVariable("cStatus", "IN-PROGRESS");
execution.setVariable("deductible", 200);]]></script>
    </bpmn2:scriptTask>
    <bpmn2:serviceTask id="sid-8982715F-66F6-4651-80F1-2E5632A66696" name="Configure Deductible" activiti:delegateExpression="${activiti_executeDecisionDelegate}">
      <extensionElements>
        <activiti:field name="decisionTableReferenceKey">
          <activiti:string><![CDATA[u6ConfigureDeductible]]></activiti:string>
        </activiti:field>
        <modeler:decisiontable-reference modeler:decisiontablereferenceid="662" modeler:decisiontablereferencename="u6 Configure Deductible"/>
        <modeler:editor-resource-id><![CDATA[sid-8982715F-66F6-4651-80F1-2E5632A66696]]></modeler:editor-resource-id>
      </extensionElements>
      <bpmn2:incoming>sid-BE5789E7-CCCD-47F3-BA51-99C3E44091B5</bpmn2:incoming>
      <bpmn2:outgoing>sid-31282102-861F-4847-9BBB-CE7E2FF4FB74</bpmn2:outgoing>
    </bpmn2:serviceTask>
    <bpmn2:sequenceFlow id="sid-BE5789E7-CCCD-47F3-BA51-99C3E44091B5" sourceRef="sid-A1A6AAAA-737B-4E85-BE27-CDE57BABAD29" targetRef="sid-8982715F-66F6-4651-80F1-2E5632A66696">
      <extensionElements>
        <modeler:editor-resource-id><![CDATA[sid-BE5789E7-CCCD-47F3-BA51-99C3E44091B5]]></modeler:editor-resource-id>
      </extensionElements>
    </bpmn2:sequenceFlow>
    <bpmn2:userTask id="sid-D5AB9CF9-4460-437C-971E-46EAFA457DF9" name="Verify Claim" activiti:assignee="$INITIATOR" activiti:formKey="655">
      <extensionElements>
        <modeler:allow-send-email><![CDATA[true]]></modeler:allow-send-email>
        <modeler:form-reference-id><![CDATA[655]]></modeler:form-reference-id>
        <modeler:form-reference-name><![CDATA[Verify Claim]]></modeler:form-reference-name>
        <modeler:activiti-idm-initiator><![CDATA[true]]></modeler:activiti-idm-initiator>
        <modeler:initiator-can-complete><![CDATA[false]]></modeler:initiator-can-complete>
        <modeler:deactivate-user-task-reassignment><![CDATA[false]]></modeler:deactivate-user-task-reassignment>
        <modeler:editor-resource-id><![CDATA[sid-D5AB9CF9-4460-437C-971E-46EAFA457DF9]]></modeler:editor-resource-id>
      </extensionElements>
      <bpmn2:incoming>sid-31282102-861F-4847-9BBB-CE7E2FF4FB74</bpmn2:incoming>
      <bpmn2:outgoing>sid-CE258A24-299D-47AE-92AF-79CDC9D7CF52</bpmn2:outgoing>
    </bpmn2:userTask>
    <bpmn2:sequenceFlow id="sid-BC6A8500-C534-46E8-922A-A4E60787DBFA" sourceRef="sid-5F93738E-8432-4AB5-AABA-BCE666CB3070" targetRef="sid-8D566083-E687-4E7D-9F57-C365DAAB6B6E">
      <extensionElements>
        <modeler:editor-resource-id><![CDATA[sid-BC6A8500-C534-46E8-922A-A4E60787DBFA]]></modeler:editor-resource-id>
      </extensionElements>
    </bpmn2:sequenceFlow>
    <bpmn2:sequenceFlow id="sid-E06EE257-4EE6-468A-BC30-C2D39E3358D7" sourceRef="startEvent1" targetRef="sid-8D566083-E687-4E7D-9F57-C365DAAB6B6E">
      <extensionElements>
        <modeler:editor-resource-id><![CDATA[sid-E06EE257-4EE6-468A-BC30-C2D39E3358D7]]></modeler:editor-resource-id>
      </extensionElements>
    </bpmn2:sequenceFlow>
    <bpmn2:sequenceFlow id="sid-31282102-861F-4847-9BBB-CE7E2FF4FB74" sourceRef="sid-8982715F-66F6-4651-80F1-2E5632A66696" targetRef="sid-D5AB9CF9-4460-437C-971E-46EAFA457DF9">
      <extensionElements>
        <modeler:editor-resource-id><![CDATA[sid-31282102-861F-4847-9BBB-CE7E2FF4FB74]]></modeler:editor-resource-id>
      </extensionElements>
    </bpmn2:sequenceFlow>
    <bpmn2:serviceTask id="sid-FE4F3D69-23C9-45BB-BA53-CB8886B88E52" name="Create Claim Document" activiti:async="true" activiti:delegateExpression="${activiti_generateDocumentDelegate}">
      <extensionElements>
        <activiti:field name="outputFormat">
          <activiti:string><![CDATA[pdf]]></activiti:string>
        </activiti:field>
        <activiti:field name="templateId">
          <activiti:string><![CDATA[351]]></activiti:string>
        </activiti:field>
        <activiti:field name="templateName">
          <activiti:string><![CDATA[9si-claim-template.docx]]></activiti:string>
        </activiti:field>
        <activiti:field name="fileName">
          <activiti:expression><![CDATA[claim-${cLastName}-${recordID}]]></activiti:expression>
        </activiti:field>
        <activiti:field name="variableName">
          <activiti:string><![CDATA[claimDoc]]></activiti:string>
        </activiti:field>
        <modeler:executionvariables modeler:variableName="claimDoc" modeler:variableType="document"/>
        <modeler:editor-resource-id><![CDATA[sid-FE4F3D69-23C9-45BB-BA53-CB8886B88E52]]></modeler:editor-resource-id>
      </extensionElements>
      <bpmn2:incoming>sid-516F5DFE-C729-4959-9553-CAEEC76E505A</bpmn2:incoming>
      <bpmn2:incoming>sid-D16AB3E0-7F9E-493A-9F4E-8E92220540C3</bpmn2:incoming>
      <bpmn2:outgoing>sid-8EA8F858-BA22-445F-88B9-28DB5E1526CB</bpmn2:outgoing>
    </bpmn2:serviceTask>
    <bpmn2:serviceTask id="sid-34516772-D7F8-44C8-9ED0-D6298A8A0CA4" name="Save to Repo" activiti:async="true" activiti:class="com.activiti.runtime.activiti.bean.AlfrescoPublishActivityBehavior">
      <extensionElements>
        <activiti:field name="contentSource">
          <activiti:string><![CDATA[field]]></activiti:string>
        </activiti:field>
        <activiti:field name="documentType">
          <activiti:string><![CDATA[cmis:document]]></activiti:string>
        </activiti:field>
        <activiti:field name="documentAspects">
          <activiti:string><![CDATA[[{"aspectName":"cm:titled"}]]]></activiti:string>
        </activiti:field>
        <activiti:field name="account">
          <activiti:string><![CDATA[alfresco-1-Alfresco-1]]></activiti:string>
        </activiti:field>
        <activiti:field name="site">
          <activiti:string><![CDATA[9-second-insurance]]></activiti:string>
        </activiti:field>
        <activiti:field name="publishAsType">
          <activiti:string><![CDATA[process_initiator]]></activiti:string>
        </activiti:field>
        <activiti:field name="path">
          <activiti:string><![CDATA[8ea7efe7-d820-4fb9-a7ef-e7d8208fb947]]></activiti:string>
        </activiti:field>
        <activiti:field name="contentContainer">
          <activiti:string><![CDATA[claimDoc]]></activiti:string>
        </activiti:field>
        <modeler:publish-task-type><![CDATA[alfresco]]></modeler:publish-task-type>
        <modeler:site_title><![CDATA[9 Second Insurance]]></modeler:site_title>
        <modeler:path_title><![CDATA[documentLibrary > Customer Claims]]></modeler:path_title>
        <modeler:editor-resource-id><![CDATA[sid-34516772-D7F8-44C8-9ED0-D6298A8A0CA4]]></modeler:editor-resource-id>
      </extensionElements>
      <bpmn2:incoming>sid-8EA8F858-BA22-445F-88B9-28DB5E1526CB</bpmn2:incoming>
      <bpmn2:outgoing>sid-BDFC2D65-85D8-46C9-9312-263774A5EB35</bpmn2:outgoing>
    </bpmn2:serviceTask>
    <bpmn2:sequenceFlow id="sid-8EA8F858-BA22-445F-88B9-28DB5E1526CB" sourceRef="sid-FE4F3D69-23C9-45BB-BA53-CB8886B88E52" targetRef="sid-34516772-D7F8-44C8-9ED0-D6298A8A0CA4">
      <extensionElements>
        <modeler:editor-resource-id><![CDATA[sid-8EA8F858-BA22-445F-88B9-28DB5E1526CB]]></modeler:editor-resource-id>
      </extensionElements>
    </bpmn2:sequenceFlow>
    <bpmn2:exclusiveGateway id="sid-CBB19297-DE44-4CEC-87BF-17CEF7EC923A" default="sid-D16AB3E0-7F9E-493A-9F4E-8E92220540C3">
      <extensionElements>
        <modeler:editor-resource-id><![CDATA[sid-CBB19297-DE44-4CEC-87BF-17CEF7EC923A]]></modeler:editor-resource-id>
      </extensionElements>
      <bpmn2:incoming>sid-CE258A24-299D-47AE-92AF-79CDC9D7CF52</bpmn2:incoming>
      <bpmn2:outgoing>sid-D16AB3E0-7F9E-493A-9F4E-8E92220540C3</bpmn2:outgoing>
      <bpmn2:outgoing>sid-2784CE0D-2CCD-4169-BE32-0D257EEEABF0</bpmn2:outgoing>
    </bpmn2:exclusiveGateway>
    <bpmn2:sequenceFlow id="sid-CE258A24-299D-47AE-92AF-79CDC9D7CF52" sourceRef="sid-D5AB9CF9-4460-437C-971E-46EAFA457DF9" targetRef="sid-CBB19297-DE44-4CEC-87BF-17CEF7EC923A">
      <extensionElements>
        <modeler:editor-resource-id><![CDATA[sid-CE258A24-299D-47AE-92AF-79CDC9D7CF52]]></modeler:editor-resource-id>
      </extensionElements>
    </bpmn2:sequenceFlow>
    <bpmn2:scriptTask id="sid-8074A6B6-8E2E-45ED-8CA7-7875BD6113C2" name="Set Status Hold" scriptFormat="groovy" activiti:autoStoreVariables="false">
      <extensionElements>
        <modeler:editor-resource-id><![CDATA[sid-8074A6B6-8E2E-45ED-8CA7-7875BD6113C2]]></modeler:editor-resource-id>
      </extensionElements>
      <bpmn2:incoming>sid-2784CE0D-2CCD-4169-BE32-0D257EEEABF0</bpmn2:incoming>
      <bpmn2:outgoing>sid-516F5DFE-C729-4959-9553-CAEEC76E505A</bpmn2:outgoing>
      <script><![CDATA[execution.setVariable("cStatus", "HOLD");]]></script>
    </bpmn2:scriptTask>
    <bpmn2:sequenceFlow id="sid-516F5DFE-C729-4959-9553-CAEEC76E505A" sourceRef="sid-8074A6B6-8E2E-45ED-8CA7-7875BD6113C2" targetRef="sid-FE4F3D69-23C9-45BB-BA53-CB8886B88E52">
      <extensionElements>
        <modeler:editor-resource-id><![CDATA[sid-516F5DFE-C729-4959-9553-CAEEC76E505A]]></modeler:editor-resource-id>
      </extensionElements>
    </bpmn2:sequenceFlow>
    <bpmn2:sequenceFlow id="sid-D16AB3E0-7F9E-493A-9F4E-8E92220540C3" sourceRef="sid-CBB19297-DE44-4CEC-87BF-17CEF7EC923A" targetRef="sid-FE4F3D69-23C9-45BB-BA53-CB8886B88E52">
      <extensionElements>
        <modeler:editor-resource-id><![CDATA[sid-D16AB3E0-7F9E-493A-9F4E-8E92220540C3]]></modeler:editor-resource-id>
      </extensionElements>
    </bpmn2:sequenceFlow>
    <bpmn2:sequenceFlow id="sid-2784CE0D-2CCD-4169-BE32-0D257EEEABF0" sourceRef="sid-CBB19297-DE44-4CEC-87BF-17CEF7EC923A" targetRef="sid-8074A6B6-8E2E-45ED-8CA7-7875BD6113C2">
      <extensionElements>
        <modeler:conditionDefinition modeler:index="0" modeler:outcomeFormId="655" modeler:outcomeFormName="Verify Claim" modeler:rightOutcomeName="Hold" modeler:operator="=="/>
        <modeler:editor-resource-id><![CDATA[sid-2784CE0D-2CCD-4169-BE32-0D257EEEABF0]]></modeler:editor-resource-id>
      </extensionElements>
      <conditionExpression xsi:type="tFormalExpression"><![CDATA[${(activiti_flowConditionsBean.exists(execution, 'form655outcome') && form655outcome == 'Hold')}]]></conditionExpression>
    </bpmn2:sequenceFlow>
    <bpmn2:serviceTask id="sid-16A8B0B9-E524-457C-9F47-9F5BB6F4370E" name="Save Aspect Values" activiti:async="true" activiti:class="com.activiti.runtime.activiti.bean.AlfrescoPutMetadataActivityBehavior">
      <extensionElements>
        <activiti:field name="inputSourceField">
          <activiti:string><![CDATA[claimDoc]]></activiti:string>
        </activiti:field>
        <activiti:field name="publishAsType">
          <activiti:string><![CDATA[process_initiator]]></activiti:string>
        </activiti:field>
        <modeler:metaDataMapping modeler:propertyValueType="variable" modeler:propertyType="string" modeler:processVariable="cFirstName" modeler:fileProperty="claim:firstname"/>
        <modeler:metaDataMapping modeler:propertyValueType="variable" modeler:propertyType="string" modeler:processVariable="cLastName" modeler:fileProperty="claim:lastname"/>
        <modeler:metaDataMapping modeler:propertyValueType="variable" modeler:propertyType="string" modeler:processVariable="cAddress" modeler:fileProperty="claim:address"/>
        <modeler:metaDataMapping modeler:propertyValueType="variable" modeler:propertyType="string" modeler:processVariable="cCity" modeler:fileProperty="claim:city"/>
        <modeler:metaDataMapping modeler:propertyValueType="variable" modeler:propertyType="string" modeler:processVariable="cState" modeler:fileProperty="claim:state"/>
        <modeler:metaDataMapping modeler:propertyValueType="variable" modeler:propertyType="string" modeler:processVariable="cZip" modeler:fileProperty="claim:zip"/>
        <modeler:metaDataMapping modeler:propertyValueType="variable" modeler:propertyType="string" modeler:processVariable="incidentType" modeler:fileProperty="claim:type"/>
        <modeler:metaDataMapping modeler:propertyValueType="variable" modeler:propertyType="string" modeler:processVariable="damageSeverity" modeler:fileProperty="claim:severity"/>
        <modeler:metaDataMapping modeler:propertyValueType="variable" modeler:propertyType="string" modeler:processVariable="cStatus" modeler:fileProperty="claim:status"/>
        <modeler:metaDataMapping modeler:propertyValueType="variable" modeler:propertyType="string" modeler:processVariable="incidentDate" modeler:fileProperty="claim:date"/>
        <modeler:editor-resource-id><![CDATA[sid-16A8B0B9-E524-457C-9F47-9F5BB6F4370E]]></modeler:editor-resource-id>
      </extensionElements>
      <bpmn2:incoming>sid-BDFC2D65-85D8-46C9-9312-263774A5EB35</bpmn2:incoming>
      <bpmn2:outgoing>sid-C1768C15-2B6C-434C-8D3D-86FE54E29AD2</bpmn2:outgoing>
    </bpmn2:serviceTask>
    <bpmn2:sequenceFlow id="sid-BDFC2D65-85D8-46C9-9312-263774A5EB35" sourceRef="sid-34516772-D7F8-44C8-9ED0-D6298A8A0CA4" targetRef="sid-16A8B0B9-E524-457C-9F47-9F5BB6F4370E">
      <extensionElements>
        <modeler:editor-resource-id><![CDATA[sid-BDFC2D65-85D8-46C9-9312-263774A5EB35]]></modeler:editor-resource-id>
      </extensionElements>
    </bpmn2:sequenceFlow>
    <bpmn2:endEvent id="sid-F658EC0F-053B-4535-BF8D-6055B8D86F4D">
      <extensionElements>
        <modeler:editor-resource-id><![CDATA[sid-F658EC0F-053B-4535-BF8D-6055B8D86F4D]]></modeler:editor-resource-id>
      </extensionElements>
      <bpmn2:incoming>sid-C1768C15-2B6C-434C-8D3D-86FE54E29AD2</bpmn2:incoming>
    </bpmn2:endEvent>
    <bpmn2:sequenceFlow id="sid-C1768C15-2B6C-434C-8D3D-86FE54E29AD2" sourceRef="sid-16A8B0B9-E524-457C-9F47-9F5BB6F4370E" targetRef="sid-F658EC0F-053B-4535-BF8D-6055B8D86F4D">
      <extensionElements>
        <modeler:editor-resource-id><![CDATA[sid-C1768C15-2B6C-434C-8D3D-86FE54E29AD2]]></modeler:editor-resource-id>
      </extensionElements>
    </bpmn2:sequenceFlow>
    <bpmn2:sequenceFlow id="sid-3EC8DD38-0E77-43E3-8F46-AF8D0BEA4026" name="back" sourceRef="sid-CDEFCF4D-E12A-459B-BF1A-0CF0DBA27779" targetRef="sid-5F93738E-8432-4AB5-AABA-BCE666CB3070">
      <extensionElements>
        <modeler:conditionDefinition modeler:index="0" modeler:outcomeFormId="653" modeler:outcomeFormName="Display DB Values" modeler:rightOutcomeName="Back" modeler:operator="=="/>
        <modeler:editor-resource-id><![CDATA[sid-3EC8DD38-0E77-43E3-8F46-AF8D0BEA4026]]></modeler:editor-resource-id>
      </extensionElements>
      <conditionExpression xsi:type="tFormalExpression"><![CDATA[${(activiti_flowConditionsBean.exists(execution, 'form653outcome') && form653outcome == 'Back')}]]></conditionExpression>
    </bpmn2:sequenceFlow>
    <bpmn2:sequenceFlow id="sid-C7FC2445-47B5-459A-8AB6-6F3F2010A50C" name="proceed" sourceRef="sid-CDEFCF4D-E12A-459B-BF1A-0CF0DBA27779" targetRef="sid-797FD565-1C7E-484F-B26A-2E8761D21524">
      <extensionElements>
        <modeler:editor-resource-id><![CDATA[sid-C7FC2445-47B5-459A-8AB6-6F3F2010A50C]]></modeler:editor-resource-id>
      </extensionElements>
    </bpmn2:sequenceFlow>
  </bpmn2:process>
  <bpmndi:BPMNDiagram id="BPMNDiagram_u6NewClaim">
    <bpmndi:BPMNPlane bpmnElement="u6NewClaim" id="BPMNPlane_u6NewClaim">
      <bpmndi:BPMNShape bpmnElement="startEvent1" id="BPMNShape_startEvent1">
        <omgdc:Bounds height="30.0" width="30.0" x="100.0" y="163.0"/>
      </bpmndi:BPMNShape>
      <bpmndi:BPMNShape bpmnElement="sid-5F93738E-8432-4AB5-AABA-BCE666CB3070" id="BPMNShape_sid-5F93738E-8432-4AB5-AABA-BCE666CB3070">
        <omgdc:Bounds height="80.0" width="100.0" x="195.0" y="280.0"/>
      </bpmndi:BPMNShape>
      <bpmndi:BPMNShape bpmnElement="sid-8D566083-E687-4E7D-9F57-C365DAAB6B6E" id="BPMNShape_sid-8D566083-E687-4E7D-9F57-C365DAAB6B6E">
        <omgdc:Bounds height="80.0" width="100.0" x="195.0" y="138.0"/>
      </bpmndi:BPMNShape>
      <bpmndi:BPMNShape bpmnElement="sid-CDCABB26-A487-4FB8-B495-A0E2A6787B73" id="BPMNShape_sid-CDCABB26-A487-4FB8-B495-A0E2A6787B73">
        <omgdc:Bounds height="80.0" width="100.0" x="360.0" y="138.0"/>
      </bpmndi:BPMNShape>
      <bpmndi:BPMNShape bpmnElement="sid-CDEFCF4D-E12A-459B-BF1A-0CF0DBA27779" id="BPMNShape_sid-CDEFCF4D-E12A-459B-BF1A-0CF0DBA27779">
        <omgdc:Bounds height="40.0" width="40.0" x="390.0" y="300.0"/>
      </bpmndi:BPMNShape>
      <bpmndi:BPMNShape bpmnElement="sid-797FD565-1C7E-484F-B26A-2E8761D21524" id="BPMNShape_sid-797FD565-1C7E-484F-B26A-2E8761D21524">
        <omgdc:Bounds height="80.0" width="100.0" x="525.0" y="138.0"/>
      </bpmndi:BPMNShape>
      <bpmndi:BPMNShape bpmnElement="sid-A1A6AAAA-737B-4E85-BE27-CDE57BABAD29" id="BPMNShape_sid-A1A6AAAA-737B-4E85-BE27-CDE57BABAD29">
        <omgdc:Bounds height="80.0" width="100.0" x="690.0" y="138.0"/>
      </bpmndi:BPMNShape>
      <bpmndi:BPMNShape bpmnElement="sid-8982715F-66F6-4651-80F1-2E5632A66696" id="BPMNShape_sid-8982715F-66F6-4651-80F1-2E5632A66696">
        <omgdc:Bounds height="80.0" width="100.0" x="840.0" y="138.0"/>
      </bpmndi:BPMNShape>
      <bpmndi:BPMNShape bpmnElement="sid-D5AB9CF9-4460-437C-971E-46EAFA457DF9" id="BPMNShape_sid-D5AB9CF9-4460-437C-971E-46EAFA457DF9">
        <omgdc:Bounds height="80.0" width="100.0" x="990.0" y="135.0"/>
      </bpmndi:BPMNShape>
      <bpmndi:BPMNShape bpmnElement="sid-FE4F3D69-23C9-45BB-BA53-CB8886B88E52" id="BPMNShape_sid-FE4F3D69-23C9-45BB-BA53-CB8886B88E52">
        <omgdc:Bounds height="80.0" width="100.0" x="840.0" y="280.0"/>
      </bpmndi:BPMNShape>
      <bpmndi:BPMNShape bpmnElement="sid-34516772-D7F8-44C8-9ED0-D6298A8A0CA4" id="BPMNShape_sid-34516772-D7F8-44C8-9ED0-D6298A8A0CA4">
        <omgdc:Bounds height="80.167483871" width="100.24219354800005" x="690.0" y="279.91625806449997"/>
      </bpmndi:BPMNShape>
      <bpmndi:BPMNShape bpmnElement="sid-CBB19297-DE44-4CEC-87BF-17CEF7EC923A" id="BPMNShape_sid-CBB19297-DE44-4CEC-87BF-17CEF7EC923A">
        <omgdc:Bounds height="40.0" width="40.0" x="1020.0" y="300.0"/>
      </bpmndi:BPMNShape>
      <bpmndi:BPMNShape bpmnElement="sid-8074A6B6-8E2E-45ED-8CA7-7875BD6113C2" id="BPMNShape_sid-8074A6B6-8E2E-45ED-8CA7-7875BD6113C2">
        <omgdc:Bounds height="80.0" width="100.0" x="990.0" y="420.0"/>
      </bpmndi:BPMNShape>
      <bpmndi:BPMNShape bpmnElement="sid-16A8B0B9-E524-457C-9F47-9F5BB6F4370E" id="BPMNShape_sid-16A8B0B9-E524-457C-9F47-9F5BB6F4370E">
        <omgdc:Bounds height="80.16748387100006" width="100.24219354800005" x="690.0" y="419.91625806449997"/>
      </bpmndi:BPMNShape>
      <bpmndi:BPMNShape bpmnElement="sid-F658EC0F-053B-4535-BF8D-6055B8D86F4D" id="BPMNShape_sid-F658EC0F-053B-4535-BF8D-6055B8D86F4D">
        <omgdc:Bounds height="28.0" width="28.0" x="615.0" y="446.0"/>
      </bpmndi:BPMNShape>
      <bpmndi:BPMNEdge bpmnElement="sid-C7FC2445-47B5-459A-8AB6-6F3F2010A50C" id="BPMNEdge_sid-C7FC2445-47B5-459A-8AB6-6F3F2010A50C">
        <omgdi:waypoint x="430.0" y="320.0"/>
        <omgdi:waypoint x="575.0" y="320.0"/>
        <omgdi:waypoint x="575.0" y="218.0"/>
      </bpmndi:BPMNEdge>
      <bpmndi:BPMNEdge bpmnElement="sid-8EA8F858-BA22-445F-88B9-28DB5E1526CB" id="BPMNEdge_sid-8EA8F858-BA22-445F-88B9-28DB5E1526CB">
        <omgdi:waypoint x="840.0" y="320.0"/>
        <omgdi:waypoint x="790.242193548" y="320.0"/>
      </bpmndi:BPMNEdge>
      <bpmndi:BPMNEdge bpmnElement="sid-BE5789E7-CCCD-47F3-BA51-99C3E44091B5" id="BPMNEdge_sid-BE5789E7-CCCD-47F3-BA51-99C3E44091B5">
        <omgdi:waypoint x="790.0" y="178.0"/>
        <omgdi:waypoint x="840.0" y="178.0"/>
      </bpmndi:BPMNEdge>
      <bpmndi:BPMNEdge bpmnElement="sid-30B8437F-CFCD-45F9-8312-DF01C8E5C477" id="BPMNEdge_sid-30B8437F-CFCD-45F9-8312-DF01C8E5C477">
        <omgdi:waypoint x="625.0" y="178.0"/>
        <omgdi:waypoint x="690.0" y="178.0"/>
      </bpmndi:BPMNEdge>
      <bpmndi:BPMNEdge bpmnElement="sid-E06EE257-4EE6-468A-BC30-C2D39E3358D7" id="BPMNEdge_sid-E06EE257-4EE6-468A-BC30-C2D39E3358D7">
        <omgdi:waypoint x="130.0" y="178.0"/>
        <omgdi:waypoint x="195.0" y="178.0"/>
      </bpmndi:BPMNEdge>
      <bpmndi:BPMNEdge bpmnElement="sid-31282102-861F-4847-9BBB-CE7E2FF4FB74" id="BPMNEdge_sid-31282102-861F-4847-9BBB-CE7E2FF4FB74">
        <omgdi:waypoint x="940.0" y="177.0"/>
        <omgdi:waypoint x="990.0" y="176.0"/>
      </bpmndi:BPMNEdge>
      <bpmndi:BPMNEdge bpmnElement="sid-C1768C15-2B6C-434C-8D3D-86FE54E29AD2" id="BPMNEdge_sid-C1768C15-2B6C-434C-8D3D-86FE54E29AD2">
        <omgdi:waypoint x="690.0" y="460.0459201486646"/>
        <omgdi:waypoint x="642.9999960331594" y="460.010539047527"/>
      </bpmndi:BPMNEdge>
      <bpmndi:BPMNEdge bpmnElement="sid-2784CE0D-2CCD-4169-BE32-0D257EEEABF0" id="BPMNEdge_sid-2784CE0D-2CCD-4169-BE32-0D257EEEABF0">
        <omgdi:waypoint x="1040.431654676259" y="339.568345323741"/>
        <omgdi:waypoint x="1040.1433691756272" y="420.0"/>
      </bpmndi:BPMNEdge>
      <bpmndi:BPMNEdge bpmnElement="sid-3EC8DD38-0E77-43E3-8F46-AF8D0BEA4026" id="BPMNEdge_sid-3EC8DD38-0E77-43E3-8F46-AF8D0BEA4026">
        <omgdi:waypoint x="390.0" y="320.0"/>
        <omgdi:waypoint x="295.0" y="320.0"/>
      </bpmndi:BPMNEdge>
      <bpmndi:BPMNEdge bpmnElement="sid-AF74D213-0C48-4FBA-BB09-200128F69B21" id="BPMNEdge_sid-AF74D213-0C48-4FBA-BB09-200128F69B21">
        <omgdi:waypoint x="295.0" y="178.0"/>
        <omgdi:waypoint x="360.0" y="178.0"/>
      </bpmndi:BPMNEdge>
      <bpmndi:BPMNEdge bpmnElement="sid-CE258A24-299D-47AE-92AF-79CDC9D7CF52" id="BPMNEdge_sid-CE258A24-299D-47AE-92AF-79CDC9D7CF52">
        <omgdi:waypoint x="1040.1374570446735" y="215.0"/>
        <omgdi:waypoint x="1040.4310344827586" y="300.4310344827586"/>
      </bpmndi:BPMNEdge>
      <bpmndi:BPMNEdge bpmnElement="sid-516F5DFE-C729-4959-9553-CAEEC76E505A" id="BPMNEdge_sid-516F5DFE-C729-4959-9553-CAEEC76E505A">
        <omgdi:waypoint x="990.0" y="460.0"/>
        <omgdi:waypoint x="890.0" y="460.0"/>
        <omgdi:waypoint x="890.0" y="360.0"/>
      </bpmndi:BPMNEdge>
      <bpmndi:BPMNEdge bpmnElement="sid-BC6A8500-C534-46E8-922A-A4E60787DBFA" id="BPMNEdge_sid-BC6A8500-C534-46E8-922A-A4E60787DBFA">
        <omgdi:waypoint x="245.0" y="280.0"/>
        <omgdi:waypoint x="245.0" y="218.0"/>
      </bpmndi:BPMNEdge>
      <bpmndi:BPMNEdge bpmnElement="sid-BDFC2D65-85D8-46C9-9312-263774A5EB35" id="BPMNEdge_sid-BDFC2D65-85D8-46C9-9312-263774A5EB35">
        <omgdi:waypoint x="740.2075737616578" y="360.0837419355"/>
        <omgdi:waypoint x="740.1557890385402" y="419.91625806449997"/>
      </bpmndi:BPMNEdge>
      <bpmndi:BPMNEdge bpmnElement="sid-D16AB3E0-7F9E-493A-9F4E-8E92220540C3" id="BPMNEdge_sid-D16AB3E0-7F9E-493A-9F4E-8E92220540C3">
        <omgdi:waypoint x="1020.4333333333333" y="320.43333333333334"/>
        <omgdi:waypoint x="940.0" y="320.16611295681065"/>
      </bpmndi:BPMNEdge>
      <bpmndi:BPMNEdge bpmnElement="sid-7322A8B6-0C6F-4B55-B4D6-26243E241EE6" id="BPMNEdge_sid-7322A8B6-0C6F-4B55-B4D6-26243E241EE6">
        <omgdi:waypoint x="410.0" y="218.0"/>
        <omgdi:waypoint x="410.0" y="300.0"/>
      </bpmndi:BPMNEdge>
    </bpmndi:BPMNPlane>
  </bpmndi:BPMNDiagram>
</bpmn2:definitions>