{"resourceId":669,"properties":{"process_id":"u6NewClaim","name":"u6 New Claim","documentation":"create a new claim","process_author":"","process_version":"","process_namespace":"http://www.activiti.org/processdef","executionlisteners":"{\"executionListeners\":[]}","eventlisteners":"{\"eventListeners\":[]}","signaldefinitions":"[]","messagedefinitions":"[]","executionvariables":"[{\"variableName\":\"cAddress\",\"variableType\":\"string\",\"persist\":\"true\",\"$$hashKey\":\"uiGrid-00UR\"},{\"variableName\":\"cCity\",\"variableType\":\"string\",\"persist\":\"true\",\"$$hashKey\":\"uiGrid-00UT\"},{\"variableName\":\"cFirstName\",\"variableType\":\"string\",\"persist\":\"true\",\"$$hashKey\":\"uiGrid-00UV\"},{\"variableName\":\"cLastName\",\"variableType\":\"string\",\"persist\":\"true\",\"$$hashKey\":\"uiGrid-00UX\"},{\"variableName\":\"cState\",\"variableType\":\"string\",\"persist\":\"true\",\"$$hashKey\":\"uiGrid-00UZ\"},{\"variableName\":\"cZip\",\"variableType\":\"string\",\"persist\":\"true\",\"$$hashKey\":\"uiGrid-00V1\"},{\"variableName\":\"deductible\",\"variableType\":\"integer\",\"persist\":\"true\",\"$$hashKey\":\"uiGrid-00V3\"},{\"variableName\":\"lu_lastname\",\"variableType\":\"string\",\"persist\":\"true\",\"$$hashKey\":\"uiGrid-00V5\"},{\"variableName\":\"recordCount\",\"variableType\":\"integer\",\"persist\":\"true\",\"$$hashKey\":\"uiGrid-00V7\"},{\"variableName\":\"recordList\",\"variableType\":\"string\",\"persist\":\"true\",\"$$hashKey\":\"uiGrid-00V9\"},{\"variableName\":\"claimNotes\",\"variableType\":\"string\",\"$$hashKey\":\"uiGrid-00VB\"},{\"variableName\":\"recordID\",\"variableType\":\"string\",\"$$hashKey\":\"uiGrid-00VD\"},{\"variableName\":\"incidentDate\",\"variableType\":\"string\",\"$$hashKey\":\"uiGrid-00VF\"},{\"variableName\":\"incidentType\",\"variableType\":\"string\",\"$$hashKey\":\"uiGrid-00VH\"},{\"variableName\":\"damageSeverity\",\"variableType\":\"string\",\"$$hashKey\":\"uiGrid-00VJ\"},{\"variableName\":\"value\",\"variableType\":\"string\",\"$$hashKey\":\"uiGrid-00VL\"},{\"variableName\":\"cStatus\",\"variableType\":\"string\",\"$$hashKey\":\"uiGrid-00VN\"}]","metadata":"","nonpersistenceformfields":"","deleteallvariables":"{\"deleteallvariables\":\"false\"}"},"stencil":{"id":"BPMNDiagram"},"childShapes":[{"resourceId":"startEvent1","properties":{"overrideid":"startEvent1","name":"","documentation":"","executionlisteners":{"executionListeners":[]},"initiator":"","formkeydefinition":"","formreference":{"id":659,"name":"Customer Lookup","referenceId":669,"variablesmapping":[]},"fieldstovariables":"","formproperties":"","asynchronousdefinition":false,"exclusivedefinition":false},"stencil":{"id":"StartNoneEvent"},"childShapes":[],"outgoing":[{"resourceId":"sid-E06EE257-4EE6-468A-BC30-C2D39E3358D7"}],"bounds":{"lowerRight":{"x":130,"y":193},"upperLeft":{"x":100,"y":163}},"dockers":[]},{"resourceId":"sid-5F93738E-8432-4AB5-AABA-BCE666CB3070","properties":{"overrideid":"sid-5F93738E-8432-4AB5-AABA-BCE666CB3070","name":"Customer Search","documentation":"","asynchronousdefinition":false,"exclusivedefinition":false,"executionlisteners":{"executionListeners":[]},"multiinstance_type":"None","multiinstance_cardinality":"","multiinstance_collection":"","multiinstance_variable":"","multiinstance_condition":"","isforcompensation":false,"usertasksendemail":true,"usertaskassignment":{"assignment":{"type":"idm","idm":{"type":"initiator"}}},"formkeydefinition":"","formreference":{"id":659,"name":"Customer Lookup","referenceId":669},"fieldstovariables":"","duedatedefinition":"","prioritydefinition":"","categorydefinition":"","formproperties":"","tasklisteners":{"taskListeners":[]},"emailtemplate":""},"stencil":{"id":"UserTask"},"childShapes":[],"outgoing":[{"resourceId":"sid-BC6A8500-C534-46E8-922A-A4E60787DBFA"}],"bounds":{"lowerRight":{"x":295,"y":360},"upperLeft":{"x":195,"y":280}},"dockers":[]},{"resourceId":"sid-8D566083-E687-4E7D-9F57-C365DAAB6B6E","properties":{"scriptformat":"groovy","scripttext":"import groovy.sql.Sql;\r\nimport groovy.json.*;\r\nimport groovy.json.JsonBuilder;\r\nimport com.activiti.security.SecurityUtils;\r\n\r\nclass Record {\r\n    String recId\r\n    String firstname\r\n    String lastname\r\n    String address\r\n    String city\r\n    String state\r\n    String zip\r\n}\r\n\r\ndef ln = execution.getVariable(\"lookup_lastname\");\r\nexecution.setVariable(\"lu_lastname\", ln);\r\n\r\ndef url = 'jdbc:oracle:thin:@//aps-custom-oracle-db.cp58lgpzkwpy.us-east-1.rds.amazonaws.com/ORCL';\r\ndef user = 'admin';\r\ndef password = 'apsadmin';\r\ndef driver = 'oracle.jdbc.driver.OracleDriver';\r\ndef sql = Sql.newInstance(url, user, password, driver);\r\n\r\nrowNum = 0;\r\ndef recordList = [];\r\n\r\nsql.eachRow(\"SELECT ID, FIRSTNAME, LASTNAME, ADDRESSLINE1, CITY, STATE, ZIPCODE FROM CUSTOMERS WHERE LASTNAME = ${lu_lastname}\") { row ->\r\n   \r\n    def r = new Record( recId: row.id, firstname:row.firstname, lastname:row.lastname, address:row.addressLine1, city:row.city, state:row.state, zip:row.zipcode)\r\n    execution.setVariable(\"cFirstName\", row.firstname);\r\n    execution.setVariable(\"cLastName\", row.lastname);\r\n    execution.setVariable(\"cAddress\", row.addressLine1);\r\n    execution.setVariable(\"cCity\", row.city);\r\n    execution.setVariable(\"cState\", row.state);\r\n    execution.setVariable(\"cZip\", row.zipcode);\r\n    execution.setVariable(\"recordID\", row.id);\r\n    recordList.add(r);\r\n  \r\n}\r\nexecution.setVariable(\"recordCount\", recordList.size);\r\n  println new JsonBuilder( recordList ).toPrettyString();\r\n  execution.setVariable(\"recordList\", new JsonBuilder( recordList ).toPrettyString());\r\n","executionvariables":"","overrideid":"sid-8D566083-E687-4E7D-9F57-C365DAAB6B6E","name":"Get DB Values","documentation":"","asynchronousdefinition":false,"exclusivedefinition":false,"executionlisteners":{"executionListeners":[]},"multiinstance_type":"None","multiinstance_cardinality":"","multiinstance_collection":"","multiinstance_variable":"","multiinstance_condition":"","isforcompensation":false},"stencil":{"id":"ScriptTask"},"childShapes":[],"outgoing":[{"resourceId":"sid-AF74D213-0C48-4FBA-BB09-200128F69B21"}],"bounds":{"lowerRight":{"x":295,"y":218},"upperLeft":{"x":195,"y":138}},"dockers":[]},{"resourceId":"sid-CDCABB26-A487-4FB8-B495-A0E2A6787B73","properties":{"overrideid":"sid-CDCABB26-A487-4FB8-B495-A0E2A6787B73","name":"Display DB Values","documentation":"","asynchronousdefinition":false,"exclusivedefinition":false,"executionlisteners":{"executionListeners":[]},"multiinstance_type":"None","multiinstance_cardinality":"","multiinstance_collection":"","multiinstance_variable":"","multiinstance_condition":"","isforcompensation":false,"usertasksendemail":true,"usertaskassignment":{"assignment":{"type":"idm","idm":{"type":"initiator"}}},"formkeydefinition":"","formreference":{"id":653,"name":"Display DB Values","referenceId":669},"fieldstovariables":"","duedatedefinition":"","prioritydefinition":"","categorydefinition":"","formproperties":"","tasklisteners":{"taskListeners":[]},"emailtemplate":""},"stencil":{"id":"UserTask"},"childShapes":[],"outgoing":[{"resourceId":"sid-7322A8B6-0C6F-4B55-B4D6-26243E241EE6"}],"bounds":{"lowerRight":{"x":460,"y":218},"upperLeft":{"x":360,"y":138}},"dockers":[]},{"resourceId":"sid-AF74D213-0C48-4FBA-BB09-200128F69B21","properties":{"overrideid":"sid-AF74D213-0C48-4FBA-BB09-200128F69B21","name":"","documentation":"","conditionsequenceflow":"","executionlisteners":{"executionListeners":[]},"defaultflow":"false"},"stencil":{"id":"SequenceFlow"},"childShapes":[],"outgoing":[{"resourceId":"sid-CDCABB26-A487-4FB8-B495-A0E2A6787B73"}],"bounds":{"lowerRight":{"x":359.37109375,"y":178},"upperLeft":{"x":295.62890625,"y":178}},"dockers":[{"x":50,"y":40},{"x":50,"y":40}],"target":{"resourceId":"sid-CDCABB26-A487-4FB8-B495-A0E2A6787B73"}},{"resourceId":"sid-7322A8B6-0C6F-4B55-B4D6-26243E241EE6","properties":{"overrideid":"sid-7322A8B6-0C6F-4B55-B4D6-26243E241EE6","name":"","documentation":"","conditionsequenceflow":"","executionlisteners":{"executionListeners":[]},"defaultflow":"false"},"stencil":{"id":"SequenceFlow"},"childShapes":[],"outgoing":[{"resourceId":"sid-CDEFCF4D-E12A-459B-BF1A-0CF0DBA27779"}],"bounds":{"lowerRight":{"x":410,"y":300.140625},"upperLeft":{"x":410,"y":218.9375}},"dockers":[{"x":50,"y":40},{"x":20,"y":20}],"target":{"resourceId":"sid-CDEFCF4D-E12A-459B-BF1A-0CF0DBA27779"}},{"resourceId":"sid-CDEFCF4D-E12A-459B-BF1A-0CF0DBA27779","properties":{"overrideid":"sid-CDEFCF4D-E12A-459B-BF1A-0CF0DBA27779","name":"","documentation":"","asynchronousdefinition":false,"exclusivedefinition":false,"sequencefloworder":{"sequenceFlowOrder":["sid-3EC8DD38-0E77-43E3-8F46-AF8D0BEA4026","sid-C7FC2445-47B5-459A-8AB6-6F3F2010A50C"]},"executionlisteners":{"executionListeners":[]}},"stencil":{"id":"ExclusiveGateway"},"childShapes":[],"outgoing":[{"resourceId":"sid-3EC8DD38-0E77-43E3-8F46-AF8D0BEA4026"},{"resourceId":"sid-C7FC2445-47B5-459A-8AB6-6F3F2010A50C"}],"bounds":{"lowerRight":{"x":430,"y":340},"upperLeft":{"x":390,"y":300}},"dockers":[]},{"resourceId":"sid-797FD565-1C7E-484F-B26A-2E8761D21524","properties":{"overrideid":"sid-797FD565-1C7E-484F-B26A-2E8761D21524","name":"Create Claim","documentation":"","asynchronousdefinition":false,"exclusivedefinition":false,"executionlisteners":{"executionListeners":[]},"multiinstance_type":"None","multiinstance_cardinality":"","multiinstance_collection":"","multiinstance_variable":"","multiinstance_condition":"","isforcompensation":false,"usertasksendemail":true,"usertaskassignment":{"assignment":{"type":"idm","idm":{"type":"initiator"}}},"formkeydefinition":"","formreference":{"id":654,"name":"New Claim","referenceId":669},"fieldstovariables":"","duedatedefinition":"","prioritydefinition":"","categorydefinition":"","formproperties":"","tasklisteners":{"taskListeners":[]},"emailtemplate":""},"stencil":{"id":"UserTask"},"childShapes":[],"outgoing":[{"resourceId":"sid-30B8437F-CFCD-45F9-8312-DF01C8E5C477"}],"bounds":{"lowerRight":{"x":625,"y":218},"upperLeft":{"x":525,"y":138}},"dockers":[]},{"resourceId":"sid-30B8437F-CFCD-45F9-8312-DF01C8E5C477","properties":{"overrideid":"sid-30B8437F-CFCD-45F9-8312-DF01C8E5C477","name":"","documentation":"","conditionsequenceflow":"","executionlisteners":{"executionListeners":[]},"defaultflow":"false"},"stencil":{"id":"SequenceFlow"},"childShapes":[],"outgoing":[{"resourceId":"sid-A1A6AAAA-737B-4E85-BE27-CDE57BABAD29"}],"bounds":{"lowerRight":{"x":689.37109375,"y":178},"upperLeft":{"x":625.62890625,"y":178}},"dockers":[{"x":50,"y":40},{"x":50,"y":40}],"target":{"resourceId":"sid-A1A6AAAA-737B-4E85-BE27-CDE57BABAD29"}},{"resourceId":"sid-A1A6AAAA-737B-4E85-BE27-CDE57BABAD29","properties":{"scriptformat":"groovy","scripttext":"execution.setVariable(\"cStatus\", \"IN-PROGRESS\");\nexecution.setVariable(\"deductible\", 200);","executionvariables":"","overrideid":"sid-A1A6AAAA-737B-4E85-BE27-CDE57BABAD29","name":"set deductible","documentation":"","asynchronousdefinition":false,"exclusivedefinition":false,"executionlisteners":{"executionListeners":[]},"multiinstance_type":"None","multiinstance_cardinality":"","multiinstance_collection":"","multiinstance_variable":"","multiinstance_condition":"","isforcompensation":false},"stencil":{"id":"ScriptTask"},"childShapes":[],"outgoing":[{"resourceId":"sid-BE5789E7-CCCD-47F3-BA51-99C3E44091B5"}],"bounds":{"lowerRight":{"x":790,"y":218},"upperLeft":{"x":690,"y":138}},"dockers":[]},{"resourceId":"sid-8982715F-66F6-4651-80F1-2E5632A66696","properties":{"overrideid":"sid-8982715F-66F6-4651-80F1-2E5632A66696","name":"Configure Deductible","documentation":"","asynchronousdefinition":false,"exclusivedefinition":false,"executionlisteners":{"executionListeners":[]},"multiinstance_type":"None","multiinstance_cardinality":"","multiinstance_collection":"","multiinstance_variable":"","multiinstance_condition":"","isforcompensation":false,"decisiontaskdecisiontablereference":{"id":662,"name":"u6 Configure Deductible","referenceId":669}},"stencil":{"id":"DecisionTask"},"childShapes":[],"outgoing":[{"resourceId":"sid-31282102-861F-4847-9BBB-CE7E2FF4FB74"}],"bounds":{"lowerRight":{"x":940,"y":218},"upperLeft":{"x":840,"y":138}},"dockers":[]},{"resourceId":"sid-BE5789E7-CCCD-47F3-BA51-99C3E44091B5","properties":{"overrideid":"sid-BE5789E7-CCCD-47F3-BA51-99C3E44091B5","name":"","documentation":"","conditionsequenceflow":"","executionlisteners":{"executionListeners":[]},"defaultflow":"false"},"stencil":{"id":"SequenceFlow"},"childShapes":[],"outgoing":[{"resourceId":"sid-8982715F-66F6-4651-80F1-2E5632A66696"}],"bounds":{"lowerRight":{"x":839.78125,"y":178},"upperLeft":{"x":790.21875,"y":178}},"dockers":[{"x":50,"y":40},{"x":50,"y":40}],"target":{"resourceId":"sid-8982715F-66F6-4651-80F1-2E5632A66696"}},{"resourceId":"sid-D5AB9CF9-4460-437C-971E-46EAFA457DF9","properties":{"overrideid":"sid-D5AB9CF9-4460-437C-971E-46EAFA457DF9","name":"Verify Claim","documentation":"","asynchronousdefinition":false,"exclusivedefinition":false,"executionlisteners":{"executionListeners":[]},"multiinstance_type":"None","multiinstance_cardinality":"","multiinstance_collection":"","multiinstance_variable":"","multiinstance_condition":"","isforcompensation":false,"usertasksendemail":true,"usertaskassignment":{"assignment":{"type":"idm","idm":{"type":"initiator"}}},"formkeydefinition":"","formreference":{"id":655,"name":"Verify Claim","referenceId":669},"fieldstovariables":"","duedatedefinition":"","prioritydefinition":"","categorydefinition":"","formproperties":"","tasklisteners":{"taskListeners":[]},"emailtemplate":""},"stencil":{"id":"UserTask"},"childShapes":[],"outgoing":[{"resourceId":"sid-CE258A24-299D-47AE-92AF-79CDC9D7CF52"}],"bounds":{"lowerRight":{"x":1090,"y":215},"upperLeft":{"x":990,"y":135}},"dockers":[]},{"resourceId":"sid-BC6A8500-C534-46E8-922A-A4E60787DBFA","properties":{"overrideid":"sid-BC6A8500-C534-46E8-922A-A4E60787DBFA","name":"","documentation":"","conditionsequenceflow":"","executionlisteners":{"executionListeners":[]},"defaultflow":"false","showdiamondmarker":false},"stencil":{"id":"SequenceFlow"},"childShapes":[],"outgoing":[{"resourceId":"sid-8D566083-E687-4E7D-9F57-C365DAAB6B6E"}],"bounds":{"lowerRight":{"x":245,"y":279.5703125},"upperLeft":{"x":245,"y":218.8046875}},"dockers":[{"x":50,"y":40},{"x":50,"y":79}],"target":{"resourceId":"sid-8D566083-E687-4E7D-9F57-C365DAAB6B6E"}},{"resourceId":"sid-E06EE257-4EE6-468A-BC30-C2D39E3358D7","properties":{"overrideid":"","name":"","documentation":"","conditionsequenceflow":"","executionlisteners":"","defaultflow":"false"},"stencil":{"id":"SequenceFlow"},"childShapes":[],"outgoing":[{"resourceId":"sid-8D566083-E687-4E7D-9F57-C365DAAB6B6E"}],"bounds":{"lowerRight":{"x":194.234375,"y":178},"upperLeft":{"x":130.21875,"y":178}},"dockers":[{"x":15,"y":15},{"x":50,"y":40}],"target":{"resourceId":"sid-8D566083-E687-4E7D-9F57-C365DAAB6B6E"}},{"resourceId":"sid-31282102-861F-4847-9BBB-CE7E2FF4FB74","properties":{"overrideid":"","name":"","documentation":"","conditionsequenceflow":"","executionlisteners":"","defaultflow":"false"},"stencil":{"id":"SequenceFlow"},"childShapes":[],"outgoing":[{"resourceId":"sid-D5AB9CF9-4460-437C-971E-46EAFA457DF9"}],"bounds":{"lowerRight":{"x":989.78144994002,"y":176.9956289988004},"upperLeft":{"x":940.21855005998,"y":176.0043710011996}},"dockers":[{"x":50,"y":40},{"x":50,"y":40}],"target":{"resourceId":"sid-D5AB9CF9-4460-437C-971E-46EAFA457DF9"}},{"resourceId":"sid-3EC8DD38-0E77-43E3-8F46-AF8D0BEA4026","properties":{"overrideid":"sid-3EC8DD38-0E77-43E3-8F46-AF8D0BEA4026","name":"back","documentation":"","conditionsequenceflow":{"expression":{"type":"variables","outcomeFormId":653,"outcomeFormName":"Display DB Values","operator":"==","rightOutcomeFormId":653,"rightOutcomeFormName":"Display DB Values","rightOutcomeName":"Back","outcomeOperatorType":"boolean"}},"executionlisteners":{"executionListeners":[]},"defaultflow":"false","showdiamondmarker":false},"stencil":{"id":"SequenceFlow"},"childShapes":[],"outgoing":[{"resourceId":"sid-5F93738E-8432-4AB5-AABA-BCE666CB3070"}],"bounds":{"lowerRight":{"x":389.96875,"y":320},"upperLeft":{"x":295.90625,"y":320}},"dockers":[{"x":20,"y":20},{"x":99,"y":40}],"target":{"resourceId":"sid-5F93738E-8432-4AB5-AABA-BCE666CB3070"}},{"resourceId":"sid-C7FC2445-47B5-459A-8AB6-6F3F2010A50C","properties":{"overrideid":"sid-C7FC2445-47B5-459A-8AB6-6F3F2010A50C","name":"proceed","documentation":"","conditionsequenceflow":"","executionlisteners":{"executionListeners":[]},"defaultflow":true},"stencil":{"id":"SequenceFlow"},"childShapes":[],"outgoing":[{"resourceId":"sid-797FD565-1C7E-484F-B26A-2E8761D21524"}],"bounds":{"lowerRight":{"x":575,"y":320},"upperLeft":{"x":430.3359375,"y":218.9375}},"dockers":[{"x":20,"y":20},{"x":575,"y":320},{"x":50,"y":40}],"target":{"resourceId":"sid-797FD565-1C7E-484F-B26A-2E8761D21524"}},{"resourceId":"sid-FE4F3D69-23C9-45BB-BA53-CB8886B88E52","properties":{"overrideid":"","name":"Create Claim Document","documentation":"","generatedocumenttemplate":{"id":351,"name":"9si-claim-template.docx"},"generatedocumenttaskoutputformat":"","executionvariable_document":{"variableName":"claimDoc","variableType":"document"},"generatedocumentfilename":"claim-${cLastName}-${recordID}","additionaldatasources_document":"","additionaldatasourcenames_document":""},"stencil":{"id":"GenerateDocumentTask"},"childShapes":[],"outgoing":[{"resourceId":"sid-8EA8F858-BA22-445F-88B9-28DB5E1526CB"}],"bounds":{"lowerRight":{"x":940,"y":360},"upperLeft":{"x":840,"y":280}},"dockers":[]},{"resourceId":"sid-34516772-D7F8-44C8-9ED0-D6298A8A0CA4","properties":{"overrideid":"","name":"Save to Repo","documentation":"","alfresco_cloud_content":{"source":"field","field":"claimDoc","documentAspects":[{"aspectName":"cm:titled"}],"documentType":"cmis:document"},"alfresco_cloud_destination":{"account":"alfresco-1-Alfresco-1","site":"9-second-insurance","path":"8ea7efe7-d820-4fb9-a7ef-e7d8208fb947","path_title":"documentLibrary > Customer Claims","site_title":"9 Second Insurance","publish_as_type":"process_initiator"}},"stencil":{"id":"PublishToAlfrescoCloudTask"},"childShapes":[],"outgoing":[{"resourceId":"sid-BDFC2D65-85D8-46C9-9312-263774A5EB35"}],"bounds":{"lowerRight":{"x":790.242193548,"y":360.0837419355},"upperLeft":{"x":690,"y":279.91625806449997}},"dockers":[]},{"resourceId":"sid-8EA8F858-BA22-445F-88B9-28DB5E1526CB","properties":{"overrideid":"","name":"","documentation":"","conditionsequenceflow":"","executionlisteners":"","defaultflow":"false"},"stencil":{"id":"SequenceFlow"},"childShapes":[],"outgoing":[{"resourceId":"sid-34516772-D7F8-44C8-9ED0-D6298A8A0CA4"}],"bounds":{"lowerRight":{"x":839.8209848789688,"y":320},"upperLeft":{"x":790.3001118950313,"y":320}},"dockers":[{"x":50,"y":40},{"x":50.12109677400002,"y":40.0837419355}],"target":{"resourceId":"sid-34516772-D7F8-44C8-9ED0-D6298A8A0CA4"}},{"resourceId":"sid-CBB19297-DE44-4CEC-87BF-17CEF7EC923A","properties":{"overrideid":"","name":"","documentation":"","asynchronousdefinition":"false","exclusivedefinition":"false","sequencefloworder":""},"stencil":{"id":"ExclusiveGateway"},"childShapes":[],"outgoing":[{"resourceId":"sid-D16AB3E0-7F9E-493A-9F4E-8E92220540C3"},{"resourceId":"sid-2784CE0D-2CCD-4169-BE32-0D257EEEABF0"}],"bounds":{"lowerRight":{"x":1060,"y":340},"upperLeft":{"x":1020,"y":300}},"dockers":[]},{"resourceId":"sid-CE258A24-299D-47AE-92AF-79CDC9D7CF52","properties":{"overrideid":"","name":"","documentation":"","conditionsequenceflow":"","executionlisteners":"","defaultflow":"false"},"stencil":{"id":"SequenceFlow"},"childShapes":[],"outgoing":[{"resourceId":"sid-CBB19297-DE44-4CEC-87BF-17CEF7EC923A"}],"bounds":{"lowerRight":{"x":1040.4282042191735,"y":299.60742777945995},"upperLeft":{"x":1040.1401551558265,"y":215.78515034554007}},"dockers":[{"x":50,"y":40},{"x":20.5,"y":20.5}],"target":{"resourceId":"sid-CBB19297-DE44-4CEC-87BF-17CEF7EC923A"}},{"resourceId":"sid-8074A6B6-8E2E-45ED-8CA7-7875BD6113C2","properties":{"scriptformat":"groovy","scripttext":"execution.setVariable(\"cStatus\", \"HOLD\");","executionvariables":"","overrideid":"","name":"Set Status Hold","documentation":"","asynchronousdefinition":"false","exclusivedefinition":"false","executionlisteners":"","multiinstance_type":"None","multiinstance_cardinality":"","multiinstance_collection":"","multiinstance_variable":"","multiinstance_condition":"","isforcompensation":"false"},"stencil":{"id":"ScriptTask"},"childShapes":[],"outgoing":[{"resourceId":"sid-516F5DFE-C729-4959-9553-CAEEC76E505A"}],"bounds":{"lowerRight":{"x":1090,"y":500},"upperLeft":{"x":990,"y":420}},"dockers":[]},{"resourceId":"sid-516F5DFE-C729-4959-9553-CAEEC76E505A","properties":{"overrideid":"","name":"","documentation":"","conditionsequenceflow":"","executionlisteners":"","defaultflow":"false"},"stencil":{"id":"SequenceFlow"},"childShapes":[],"outgoing":[{"resourceId":"sid-FE4F3D69-23C9-45BB-BA53-CB8886B88E52"}],"bounds":{"lowerRight":{"x":989.78125,"y":460},"upperLeft":{"x":890,"y":360.375}},"dockers":[{"x":50,"y":40},{"x":890,"y":460},{"x":50,"y":40}],"target":{"resourceId":"sid-FE4F3D69-23C9-45BB-BA53-CB8886B88E52"}},{"resourceId":"sid-D16AB3E0-7F9E-493A-9F4E-8E92220540C3","properties":{"overrideid":"","name":"","documentation":"","conditionsequenceflow":"","executionlisteners":"","defaultflow":true},"stencil":{"id":"SequenceFlow"},"childShapes":[],"outgoing":[{"resourceId":"sid-FE4F3D69-23C9-45BB-BA53-CB8886B88E52"}],"bounds":{"lowerRight":{"x":1019.5117242686572,"y":320.4302715091982},"upperLeft":{"x":940.3828069813428,"y":320.1673847408018}},"dockers":[{"x":20.5,"y":20.5},{"x":50,"y":40}],"target":{"resourceId":"sid-FE4F3D69-23C9-45BB-BA53-CB8886B88E52"}},{"resourceId":"sid-2784CE0D-2CCD-4169-BE32-0D257EEEABF0","properties":{"overrideid":"","name":"","documentation":"","conditionsequenceflow":{"expression":{"type":"variables","outcomeFormId":655,"outcomeFormName":"Verify Claim","operator":"==","rightOutcomeFormId":655,"rightOutcomeFormName":"Verify Claim","rightOutcomeName":"Hold","outcomeOperatorType":"boolean"}},"executionlisteners":"","defaultflow":false},"stencil":{"id":"SequenceFlow"},"childShapes":[],"outgoing":[{"resourceId":"sid-8074A6B6-8E2E-45ED-8CA7-7875BD6113C2"}],"bounds":{"lowerRight":{"x":1040.430009543632,"y":419.76563142328826},"upperLeft":{"x":1040.144209206368,"y":340.02733732671174}},"dockers":[{"x":20.5,"y":20.5},{"x":50,"y":40}],"target":{"resourceId":"sid-8074A6B6-8E2E-45ED-8CA7-7875BD6113C2"}},{"resourceId":"sid-16A8B0B9-E524-457C-9F47-9F5BB6F4370E","properties":{"overrideid":"","name":"Save Aspect Values","documentation":"","alfresco_put_metadata":{"source":"field","inputSourceField":"claimDoc","publishInfo":{"publishAsType":"process_initiator"},"metaDataColumnDefinitions":[{"fileProperty":"claim:firstname","propertyType":"string","propertyValueType":"variable","processVariable":{"id":"cFirstName","name":"cFirstName","type":"string","$$hashKey":"object:14939"},"$$hashKey":"uiGrid-00P2"},{"fileProperty":"claim:lastname","propertyType":"string","propertyValueType":"variable","processVariable":{"id":"cLastName","name":"cLastName","type":"string","$$hashKey":"object:14978"},"$$hashKey":"uiGrid-00PD"},{"fileProperty":"claim:address","propertyType":"string","propertyValueType":"variable","processVariable":{"id":"cAddress","name":"cAddress","type":"string","$$hashKey":"object:15015"},"$$hashKey":"uiGrid-00PL"},{"fileProperty":"claim:city","propertyType":"string","propertyValueType":"variable","processVariable":{"id":"cCity","name":"cCity","type":"string","$$hashKey":"object:15058"},"$$hashKey":"uiGrid-00PT"},{"fileProperty":"claim:state","propertyType":"string","propertyValueType":"variable","processVariable":{"id":"cState","name":"cState","type":"string","$$hashKey":"object:15105"},"$$hashKey":"uiGrid-00Q1"},{"fileProperty":"claim:zip","propertyType":"string","propertyValueType":"variable","processVariable":{"id":"cZip","name":"cZip","type":"string","$$hashKey":"object:15149"},"$$hashKey":"uiGrid-00Q9"},{"fileProperty":"claim:type","propertyType":"string","propertyValueType":"variable","processVariable":{"id":"incidentType","name":"incidentType","type":"string","$$hashKey":"object:15195"},"$$hashKey":"uiGrid-00QH"},{"fileProperty":"claim:severity","propertyType":"string","propertyValueType":"variable","processVariable":{"id":"damageSeverity","name":"damageSeverity","type":"string","$$hashKey":"object:15234"},"$$hashKey":"uiGrid-00QP"},{"fileProperty":"claim:status","propertyType":"string","propertyValueType":"variable","processVariable":{"id":"cStatus","name":"cStatus","type":"string","$$hashKey":"object:15274"},"$$hashKey":"uiGrid-00QX"},{"fileProperty":"claim:date","propertyType":"string","propertyValueType":"variable","processVariable":{"id":"incidentDate","name":"incidentDate","type":"string","$$hashKey":"object:15320"},"$$hashKey":"uiGrid-00R5"}]}},"stencil":{"id":"PutMetadataToAlfrescoCloudTask"},"childShapes":[],"outgoing":[{"resourceId":"sid-C1768C15-2B6C-434C-8D3D-86FE54E29AD2"}],"bounds":{"lowerRight":{"x":790.242193548,"y":500.08374193550003},"upperLeft":{"x":690,"y":419.91625806449997}},"dockers":[]},{"resourceId":"sid-BDFC2D65-85D8-46C9-9312-263774A5EB35","properties":{"overrideid":"","name":"","documentation":"","conditionsequenceflow":"","executionlisteners":"","defaultflow":"false"},"stencil":{"id":"SequenceFlow"},"childShapes":[],"outgoing":[{"resourceId":"sid-16A8B0B9-E524-457C-9F47-9F5BB6F4370E"}],"bounds":{"lowerRight":{"x":740.207269585978,"y":419.6485527938996},"upperLeft":{"x":740.156020736022,"y":360.43518914160035}},"dockers":[{"x":50.242193548000024,"y":40.167483871},{"x":50.12109677400002,"y":40.08374193550003}],"target":{"resourceId":"sid-16A8B0B9-E524-457C-9F47-9F5BB6F4370E"}},{"resourceId":"sid-F658EC0F-053B-4535-BF8D-6055B8D86F4D","properties":{"overrideid":"","name":"","documentation":"","executionlisteners":""},"stencil":{"id":"EndNoneEvent"},"childShapes":[],"outgoing":[],"bounds":{"lowerRight":{"x":643,"y":474},"upperLeft":{"x":615,"y":446}},"dockers":[]},{"resourceId":"sid-C1768C15-2B6C-434C-8D3D-86FE54E29AD2","properties":{"overrideid":"","name":"","documentation":"","conditionsequenceflow":"","executionlisteners":"","defaultflow":"false"},"stencil":{"id":"SequenceFlow"},"childShapes":[],"outgoing":[{"resourceId":"sid-F658EC0F-053B-4535-BF8D-6055B8D86F4D"}],"bounds":{"lowerRight":{"x":689.7046545170022,"y":460.04569781573866},"upperLeft":{"x":643.9052739101542,"y":460.0112205310466}},"dockers":[{"x":50.242193548000024,"y":40.16748387100003},{"x":14,"y":14}],"target":{"resourceId":"sid-F658EC0F-053B-4535-BF8D-6055B8D86F4D"}}],"bounds":{"lowerRight":{"x":5000,"y":2050},"upperLeft":{"x":0,"y":0}},"stencilset":{"url":"stencilsets/bpmn2.0/bpmn2.0.json","namespace":"http://b3mn.org/stencilset/bpmn2.0#"},"ssextensions":[]}