{"referenceId":null,"name":"9siCustomerNew","description":null,"dataSourceName":"aps-oracle-db","editorJson":{"id":101,"name":"9siCustomerNew","dataSourceId":1,"entities":[{"name":"newCustomers","description":"","tableName":"NINESI","attributes":[{"name":"id","type":"number","description":"","mappedName":"ID","primaryKey":true,"generatedValue":false,"identity":false,"required":false},{"name":"firstname","type":"string","description":"","mappedName":"FIRSTNAME","primaryKey":false,"generatedValue":false,"identity":false,"required":false},{"name":"lastname","type":"string","description":"","mappedName":"LASTNAME","primaryKey":false,"generatedValue":false,"identity":false,"required":false},{"name":"address","type":"string","description":"","mappedName":"STREETADDRESS","primaryKey":false,"generatedValue":false,"identity":false,"required":false},{"name":"city","type":"string","description":"","mappedName":"CITY","primaryKey":false,"generatedValue":false,"identity":false,"required":false},{"name":"state","type":"string","description":"","mappedName":"STATE","primaryKey":false,"generatedValue":false,"identity":false,"required":false},{"name":"zip","type":"string","description":"","mappedName":"ZIPCODE","primaryKey":false,"generatedValue":false,"identity":false,"required":false},{"name":"email","type":"string","description":"","mappedName":"EMAIL","primaryKey":false,"generatedValue":false,"identity":false,"required":false},{"name":"phone","type":"string","description":"","mappedName":"PHONE","primaryKey":false,"generatedValue":false,"identity":false,"required":false},{"name":"policynum","type":"string","description":"","mappedName":"POLICY","primaryKey":false,"generatedValue":false,"identity":false,"required":false}]}]}}